naf_rev2,intitule_rev2,contenu_commun,naf_2025,intitule_2025,type
01.11Z,"Culture de céréales (à l'exception du riz), de légumineuses et de graines oléagineuses",tout le contenu de la sous-classe NAF rév. 2,01.11Y,"Culture de céréales, à l’exception du riz, de légumineuses et de graines oléagineuses",Unique
01.12Z,Culture du riz,tout le contenu de la sous-classe NAF rév. 2,01.12Y,Culture du riz,Unique
01.13Z,"Culture de légumes, de melons, de racines et de tubercules",tout le contenu de la sous-classe NAF rév. 2,01.13Y,"Culture de légumes, de melons, de racines et de tubercules",Unique
01.14Z,Culture de la canne à sucre,tout le contenu de la sous-classe NAF rév. 2,01.14Y,Culture de la canne à sucre,Unique
01.15Z,Culture du tabac,tout le contenu de la sous-classe NAF rév. 2,01.15Y,Culture du tabac,Unique
01.16Z,Culture de plantes à fibres,tout le contenu de la sous-classe NAF rév. 2,01.16Y,Culture de plantes à fibres,Unique
01.19Z,Autres cultures non permanentes,"- la culture de racines et de tubercules, par exemple : les rutabagas et les betteraves fourragères",01.13Y,"Culture de légumes, de melons, de racines et de tubercules",Multiple
01.19Z,Autres cultures non permanentes,"- la culture de trèfle, de luzerne, de sainfoin, de maïs, de lupin, d'autres graminées, de choux fourragers et de produits fourragers similaires - la culture de semences de betteraves et de semences de plantes fourragères - la culture de fleurs - la coupe de fleurs et de boutons floraux - la culture de semences de fleurs - la culture de fleurs vivaces et d'autres plantes ornementales",01.19Y,Autres cultures non permanentes,Multiple
01.21Z,Culture de la vigne,tout le contenu de la sous-classe NAF rév. 2,01.21Y,Culture de la vigne,Unique
01.22Z,Culture de fruits tropicaux et subtropicaux,tout le contenu de la sous-classe NAF rév. 2,01.22Y,Culture de fruits tropicaux et subtropicaux,Unique
01.23Z,Culture d'agrumes,tout le contenu de la sous-classe NAF rév. 2,01.23Y,Culture d’agrumes,Unique
01.24Z,Culture de fruits à pépins et à noyau,tout le contenu de la sous-classe NAF rév. 2,01.24Y,Culture de fruits à pépins et à noyau,Unique
01.25Z,Culture d'autres fruits d'arbres ou d'arbustes et de fruits à coque,tout le contenu de la sous-classe NAF rév. 2,01.25Y,Culture d’autres fruits d’arbres ou d’arbustes et de fruits à coque,Unique
01.26Z,Culture de fruits oléagineux,tout le contenu de la sous-classe NAF rév. 2,01.26Y,Culture de fruits oléagineux,Unique
01.27Z,Culture de plantes à boissons,tout le contenu de la sous-classe NAF rév. 2,01.27Y,Culture de plantes à boissons,Unique
01.28Z,"Culture de plantes à épices, aromatiques, médicinales et pharmaceutiques","- la culture de piments, de poivrons (Capsicum spp.)",01.13Y,"Culture de légumes, de melons, de racines et de tubercules",Multiple
01.28Z,"Culture de plantes à épices, aromatiques, médicinales et pharmaceutiques","- la culture d'épices et de plantes aromatiques vivaces et non vivaces : • poivre (Piper spp.) • noix de muscade, macis et cardamome • anis, badiane et fenouil en tant qu'épices ou plantes aromatiques • cannelle (Canella) • clous de girofle • gingembre • vanille • houblon • carvi - la culture de drogues et de stupéfiants - le séchage au soleil d'épices et de plantes aromatiques, médicinales et pharmaceutiques lorsqu'il est associé à la culture de ces plantes",01.28Y,"Culture de plantes à épices, aromatiques, médicinales et pharmaceutiques",Multiple
01.29Z,Autres cultures permanentes,tout le contenu de la sous-classe NAF rév. 2,01.29Y,Autres cultures permanentes,Unique
01.30Z,Reproduction de plantes,tout le contenu de la sous-classe NAF rév. 2,01.30Y,Reproduction de plantes,Unique
01.41Z,Élevage de vaches laitières,tout le contenu de la sous-classe NAF rév. 2,01.41Y,Élevage de vaches laitières,Unique
01.42Z,Élevage d'autres bovins et de buffles,- la production de sperme bovin de races laitières,01.41Y,Élevage de vaches laitières,Multiple
01.42Z,Élevage d'autres bovins et de buffles,- l'élevage et la reproduction de bovins et de buffles pour la viande - la production de semence bovine de races à viande,01.42Y,Élevage d’autres bovins et de buffles,Multiple
01.43Z,Élevage de chevaux et d'autres équidés,tout le contenu de la sous-classe NAF rév. 2,01.43Y,Élevage de chevaux et d’autres équidés,Unique
01.44Z,Élevage de chameaux et d'autres camélidés,tout le contenu de la sous-classe NAF rév. 2,01.44Y,Élevage de chameaux et d’autres camélidés,Unique
01.45Z,Élevage d'ovins et de caprins,tout le contenu de la sous-classe NAF rév. 2,01.45Y,Élevage d’ovins et de caprins,Unique
01.46Z,Élevage de porcins,tout le contenu de la sous-classe NAF rév. 2,01.46Y,Élevage de porcins,Unique
01.47Z,Élevage de volailles,tout le contenu de la sous-classe NAF rév. 2,01.47Y,Élevage de volailles,Unique
01.49Z,Élevage d'autres animaux,"- l'élevage et la reproduction de volailles, par exemple : cailles, autruches",01.47Y,Élevage de volailles,Multiple
01.49Z,Élevage d'autres animaux,"- l’apiculture, la production de sous-produits de l'abeille (par exemple, miel, cire d'abeille, propolis, venin d'abeille ou nid d'abeille), la multiplication d'abeilles pour la vente",01.48G,Apiculture,Multiple
01.49Z,Élevage d'autres animaux,"- l'élevage et la reproduction d'animaux semi-domestiqués ou d'autres animaux vivants, destinés à la consommation, par exemple : • lapins de chair • gibier élevé en captivité • exploitation de fermes d'élevage d'escargots terrestres • insectes pour consommation",01.48H,Élevage d'autres animaux destinés à la consommation,Multiple
01.49Z,Élevage d'autres animaux,"- l'élevage et la reproduction d'animaux semi-domestiqués ou d'autres animaux vivants : • insectes (hors abeilles) • animaux élevés pour leur fourrure - la production de peaux d'oiseaux provenant de l'élevage en ranch ou de peaux provenant de l'élevage de reptiles, par exemple de serpents et de tortues - l'élevage et la reproduction de reptiles, à l'exception des crocodiles - l’exploitation de fermes d'élevage de vers terrestres - l'élevage de vers à soie, la production de cocons de vers à soie - l'élevage et la reproduction d'animaux de compagnie (à l'exception des poissons), par exemple : • chats et chiens • oiseaux, par exemple perruches • hamsters",01.48J,Élevage d'animaux de compagnie et d'autres animaux n.c.a.,Multiple
01.50Z,Culture et élevage associés,tout le contenu de la sous-classe NAF rév. 2,01.50Y,Culture et élevage associés,Unique
01.61Z,Activités de soutien aux cultures,tout le contenu de la sous-classe NAF rév. 2,01.61Y,Activités de soutien aux cultures,Unique
01.62Z,Activités de soutien à la production animale,- l’éclosion automatisée des œufs pour la volaille,01.47Y,Élevage de volailles,Multiple
01.62Z,Activités de soutien à la production animale,"- les activités de production animale sur la base d'une rémunération ou d'un contrat : • activités visant à promouvoir la multiplication, la croissance et la production des animaux • services de contrôle des troupeaux, services de conduite de troupeaux, services d'élevage, caponnisation des volailles, nettoyage des poulaillers, etc. • activités liées à l'insémination artificielle • services de reproduction • tonte des moutons • services de pension et de soins pour les animaux de ferme",01.62Y,Activités de soutien à la production animale,Multiple
01.63Z,Traitement primaire des récoltes,tout le contenu de la sous-classe NAF rév. 2,01.63Y,Traitement primaire des récoltes et traitement des semences,Unique
01.64Z,Traitement des semences,tout le contenu de la sous-classe NAF rév. 2,01.63Y,Traitement primaire des récoltes et traitement des semences,Unique
01.70Z,"Chasse, piégeage et services annexes",tout le contenu de la sous-classe NAF rév. 2,01.70Y,"Chasse, piégeage et activités de service connexes",Unique
02.10Z,Sylviculture et autres activités forestières,tout le contenu de la sous-classe NAF rév. 2,02.10Y,Sylviculture et autres activités forestières,Unique
02.20Z,Exploitation forestière,tout le contenu de la sous-classe NAF rév. 2,02.20Y,Exploitation forestière,Unique
02.30Z,Récolte de produits forestiers non ligneux poussant à l'état sauvage,tout le contenu de la sous-classe NAF rév. 2,02.30Y,Récolte de produits forestiers non ligneux poussant à l’état sauvage,Unique
02.40Z,Services de soutien à l'exploitation forestière,tout le contenu de la sous-classe NAF rév. 2,02.40Y,Activités de soutien à l’exploitation forestière,Unique
03.11Z,Pêche en mer,"- la pêche à des fins commerciales dans les eaux océaniques et côtières - la capture de crustacés et de mollusques marins - la chasse à la baleine - la capture d'animaux aquatiques marins, par exemple : tortues, ascidies, tuniciers, oursins - la collecte d'autres organismes et matériaux marins : perles naturelles, éponges, coraux, goémons, algues, etc.",03.11Y,Pêche en mer,Multiple
03.11Z,Pêche en mer,"- les activités de service liées à la pêche en mer, par exemple : les autres activités de soutien à la pêche non citées ailleurs - le contrôle de la pêche maritime (garde-pêche)",03.30Y,Activités de soutien à la pêche et l’aquaculture,Multiple
03.12Z,Pêche en eau douce,- la pêche à des fins commerciales dans les eaux douces - la capture de crustacés et de mollusques d'eau douce - le prélèvement d'animaux aquatiques d'eau douce - la collecte de matériaux d'eau douce - la collecte d'autres organismes d'eau douce : algues et plantes aquatiques,03.12Y,Pêche en eau douce,Multiple
03.12Z,Pêche en eau douce,"- les activités de service liées à la pêche en eau douce, par exemple : autres activités de soutien à la pêche n.c.a. - le contrôle de la pêche en eau douce (garde-pêche)",03.30Y,Activités de soutien à la pêche et l’aquaculture,Multiple
03.21Z,Aquaculture en mer,"- la pisciculture en eau de mer, y compris l'élevage de poissons d'ornement marins - la production de naissains de bivalves (huîtres, moules, etc.), de langoustes, de post-larves de crevettes, d'alevins et de fingerlings de poissons - la culture d'algues marines - l'élevage de crustacés, de bivalves, d'autres mollusques et d'autres animaux aquatiques dans l'eau de mer - les activités d'aquaculture en eaux saumâtres - les activités d'aquaculture terrestre dans des réservoirs et des bassins remplis d'eau salée - l'exploitation d'écloseries de poissons marins et d'élevages de vers marins - la culture de microalgues marines",03.21Y,Aquaculture en mer,Multiple
03.21Z,Aquaculture en mer,"- les activités de service liées à l'aquaculture marine, par exemple : les autres activités de soutien à l'aquaculture non citées ailleurs - le contrôle de l'aquaculture marine",03.30Y,Activités de soutien à la pêche et l’aquaculture,Multiple
03.22Z,Aquaculture en eau douce,- l’élevage des reptiles aquatiques (d'eau douce ou d'eau salée),01.48J,Élevage d'animaux de compagnie et d'autres animaux n.c.a.,Multiple
03.22Z,Aquaculture en eau douce,"- la pisciculture en eau douce, y compris l'élevage de poissons d'ornement d'eau douce - l'élevage de crustacés, de bivalves, d'autres mollusques et d'autres animaux aquatiques, en eau douce - l'exploitation d'écloseries (en eau douce) - l'élevage de grenouilles - la culture d'algues (comestibles ou non), en eau douce - la culture de microalgues d'eau douce",03.22Y,Aquaculture en eau douce,Multiple
03.22Z,Aquaculture en eau douce,"- les activités de service liées à l'aquaculture en eau douce, par exemple : les autres activités de soutien à l'aquaculture non citées ailleurs - le contrôle de l'aquaculture en eau douce",03.30Y,Activités de soutien à la pêche et l’aquaculture,Multiple
05.10Z,Extraction de houille,tout le contenu de la sous-classe NAF rév. 2,05.10Y,Extraction de houille,Unique
05.20Z,Extraction de lignite,tout le contenu de la sous-classe NAF rév. 2,05.20Y,Extraction de lignite,Unique
06.10Z,Extraction de pétrole brut,tout le contenu de la sous-classe NAF rév. 2,06.10Y,Extraction de pétrole brut,Unique
06.20Z,Extraction de gaz naturel,tout le contenu de la sous-classe NAF rév. 2,06.20Y,Extraction de gaz naturel,Unique
07.10Z,Extraction de minerais de fer,tout le contenu de la sous-classe NAF rév. 2,07.10Y,Extraction de minerais de fer,Unique
07.21Z,Extraction de minerais d'uranium et de thorium,tout le contenu de la sous-classe NAF rév. 2,07.21Y,Extraction de minerais d’uranium et de thorium,Unique
07.29Z,Extraction d'autres minerais de métaux non ferreux,tout le contenu de la sous-classe NAF rév. 2,07.29Y,Extraction d’autres minerais de métaux non ferreux,Unique
08.11Z,"Extraction de pierres ornementales et de construction, de calcaire industriel, de gypse, de craie et d'ardoise",tout le contenu de la sous-classe NAF rév. 2,08.11Y,"Extraction de pierres ornementales, de calcaire industriel, de gypse, d’ardoise et d’autres pierres",Unique
08.12Z,"Exploitation de gravières et sablières, extraction d’argiles et de kaolin",tout le contenu de la sous-classe NAF rév. 2,08.12Y,"Exploitation de gravières et sablières, extraction d’argiles et de kaolin",Unique
08.91Z,Extraction des minéraux chimiques et d'engrais minéraux,tout le contenu de la sous-classe NAF rév. 2,08.91Y,Extraction de minéraux chimiques et d’engrais minéraux,Unique
08.92Z,Extraction de tourbe,tout le contenu de la sous-classe NAF rév. 2,08.92Y,Extraction de tourbe,Unique
08.93Z,Production de sel,tout le contenu de la sous-classe NAF rév. 2,08.93Y,Production de sel,Unique
08.99Z,Autres activités extractives n.c.a.,tout le contenu de la sous-classe NAF rév. 2,08.99Y,Autres activités extractives n.c.a.,Unique
09.10Z,Activités de soutien à l'extraction d'hydrocarbures,tout le contenu de la sous-classe NAF rév. 2,09.10Y,Activités de soutien à l’extraction d’hydrocarbures,Unique
09.90Z,Activités de soutien aux autres industries extractives,tout le contenu de la sous-classe NAF rév. 2,09.90Y,Activités de soutien aux autres industries extractives,Unique
10.11Z,Transformation et conservation de la viande de boucherie,tout le contenu de la sous-classe NAF rév. 2,10.11Y,"Transformation et conservation de la viande, à l’exception de la viande de volaille",Unique
10.12Z,Transformation et conservation de la viande de volaille,tout le contenu de la sous-classe NAF rév. 2,10.12Y,Transformation et conservation de la viande de volaille,Unique
10.13A,Préparation industrielle de produits à base de viande,"à l’exception des produits à base d’insectes et du foie gras préparés, le contenu de la sous-classe NAF rév. 2 est entièrement couvert par la sous-classe NAF 2025 en correspondance, à savoir : - la préparation industrielle de produits à base de viande (à l’exception des insectes et du foie gras préparés) , non associée à la vente au détail",10.13G,Préparation industrielle de produits à base de viande,Multiple
10.13A,Préparation industrielle de produits à base de viande,"- la préparation, associée à la vente au détail, de foies gras préparés",10.13H,Préparation de produits à base de viande associée à leur vente au détail,Multiple
10.13A,Préparation industrielle de produits à base de viande,- la fabrication de farines d'insectes et d'autres préparations à base d'insectes,10.89Y,Fabrication d’autres produits alimentaires n.c.a.,Multiple
10.13B,Charcuterie,tout le contenu de la sous-classe NAF rév. 2,10.13H,Préparation de produits à base de viande associée à leur vente au détail,Unique
10.20Z,"Transformation et conservation de poisson, de crustacés et de mollusques",tout le contenu de la sous-classe NAF rév. 2,10.20Y,"Transformation et conservation de poisson, de crustacés et de mollusques",Unique
10.31Z,Transformation et conservation de pommes de terre,tout le contenu de la sous-classe NAF rév. 2,10.31Y,Transformation et conservation de pommes de terre,Unique
10.32Z,Préparation de jus de fruits et légumes,tout le contenu de la sous-classe NAF rév. 2,10.32Y,Préparation de jus de fruits et légumes,Unique
10.39A,Autre transformation et conservation de légumes,tout le contenu de la sous-classe NAF rév. 2,10.39G,Autre transformation et conservation de légumes,Unique
10.39B,Transformation et conservation de fruits,tout le contenu de la sous-classe NAF rév. 2,10.39H,Autre transformation et conservation de fruits,Unique
10.41A,Fabrication d'huiles et graisses brutes,tout le contenu de la sous-classe NAF rév. 2,10.41Y,Fabrication d’huiles et graisses,Unique
10.41B,Fabrication d'huiles et graisses raffinées,tout le contenu de la sous-classe NAF rév. 2,10.41Y,Fabrication d’huiles et graisses,Unique
10.42Z,Fabrication de margarine et graisses comestibles similaires,tout le contenu de la sous-classe NAF rév. 2,10.42Y,Fabrication de margarine et graisses comestibles similaires,Unique
10.51A,Fabrication de lait liquide et de produits frais,tout le contenu de la sous-classe NAF rév. 2,10.51G,"Fabrication de lait liquide, crèmes de lait et laits fermentés",Unique
10.51B,Fabrication de beurre,tout le contenu de la sous-classe NAF rév. 2,10.51J,Fabrication de beurre et d'autres produits laitiers,Unique
10.51C,Fabrication de fromage,tout le contenu de la sous-classe NAF rév. 2,10.51H,Fabrication de fromage,Unique
10.51D,Fabrication d'autres produits laitiers,tout le contenu de la sous-classe NAF rév. 2,10.51J,Fabrication de beurre et d'autres produits laitiers,Unique
10.52Z,Fabrication de glaces et sorbets,tout le contenu de la sous-classe NAF rév. 2,10.52Y,Fabrication de crèmes glacées et autres glaces alimentaires,Unique
10.61A,Meunerie,"à l’exception des activités de micronisation des produits amylacés, le contenu de la sous-classe NAF rév. 2 est entièrement couvert par la sous-classe NAF 2025 en correspondance",10.61G,Meunerie,Multiple
10.61A,Meunerie,- la micronisation des produits amylacés,10.62Y,Fabrication de produits amylacés,Multiple
10.61B,Autres activités du travail des grains,tout le contenu de la sous-classe NAF rév. 2,10.61H,Autres activités du travail des grains,Unique
10.62Z,Fabrication de produits amylacés,tout le contenu de la sous-classe NAF rév. 2,10.62Y,Fabrication de produits amylacés,Unique
10.71A,Fabrication industrielle de pain et de pâtisserie fraîche,"- la fabrication de pâtes et pâtons non cuits préparés pour la fabrication de pains, de gâteaux, de biscuits, de crêpes, etc.",10.61H,Autres activités du travail des grains,Multiple
10.71A,Fabrication industrielle de pain et de pâtisserie fraîche,"à l’exception de la fabrication de pâtes et pâtons non cuits, le contenu de la sous-classe NAF rév. 2 est entièrement couvert par la sous-classe NAF 2025 en correspondance",10.71G,Fabrication industrielle de pain et de pâtisserie fraîche,Multiple
10.71B,Cuisson de produits de boulangerie,tout le contenu de la sous-classe NAF rév. 2,47.24Y,"Commerce de détail de pain, de pâtisserie et de confiserie",Unique
10.71C,Boulangerie et boulangerie-pâtisserie,tout le contenu de la sous-classe NAF rév. 2,10.71H,Fabrication de pain et d'autres produits de boulangerie-pâtisserie associée à leur vente au détail,Unique
10.71D,Pâtisserie,tout le contenu de la sous-classe NAF rév. 2,10.71J,Fabrication de pâtisserie fraîche associée à sa vente au détail,Unique
10.72Z,"Fabrication de biscuits, biscottes et pâtisseries de conservation",tout le contenu de la sous-classe NAF rév. 2,10.72Y,"Fabrication de biscuits, biscottes et pâtisseries de conservation",Unique
10.73Z,Fabrication de pâtes alimentaires,tout le contenu de la sous-classe NAF rév. 2,10.73Y,Fabrication de pâtes alimentaires,Unique
10.81Z,Fabrication de sucre,tout le contenu de la sous-classe NAF rév. 2,10.81Y,Fabrication de sucre,Unique
10.82Z,"Fabrication de cacao, chocolat et de produits de confiserie",tout le contenu de la sous-classe NAF rév. 2,10.82Y,"Fabrication de cacao, de chocolat et de produits de confiserie",Unique
10.83Z,Transformation du thé et du café,tout le contenu de la sous-classe NAF rév. 2,10.83Y,Transformation du thé et du café,Unique
10.84Z,Fabrication de condiments et assaisonnements,tout le contenu de la sous-classe NAF rév. 2,10.84Y,Fabrication de condiments et assaisonnements,Unique
10.85Z,Fabrication de plats préparés,tout le contenu de la sous-classe NAF rév. 2,10.85Y,Fabrication de plats préparés,Unique
10.86Z,Fabrication d'aliments homogénéisés et diététiques,- la fabrication de produits de meunerie sans gluten,10.61G,Meunerie,Multiple
10.86Z,Fabrication d'aliments homogénéisés et diététiques,- les autres activités de travail du grain sans gluten,10.61H,Autres activités du travail des grains,Multiple
10.86Z,Fabrication d'aliments homogénéisés et diététiques,- la fabrication de produits amylacés sans gluten,10.62Y,Fabrication de produits amylacés,Multiple
10.86Z,Fabrication d'aliments homogénéisés et diététiques,- la fabrication industrielle de pain et de pâtisserie fraîche sans gluten,10.71G,Fabrication industrielle de pain et de pâtisserie fraîche,Multiple
10.86Z,Fabrication d'aliments homogénéisés et diététiques,"- la fabrication de pain et d'autres produits de boulangerie-pâtisserie, sans gluten, associée à leur vente au détail",10.71H,Fabrication de pain et d'autres produits de boulangerie-pâtisserie associée à leur vente au détail,Multiple
10.86Z,Fabrication d'aliments homogénéisés et diététiques,"- la fabrication de pâtisserie fraîche, sans gluten, associée à sa vente au détail",10.71J,Fabrication de pâtisserie fraîche associée à sa vente au détail,Multiple
10.86Z,Fabrication d'aliments homogénéisés et diététiques,"- la fabrication de biscuits, biscottes et pâtisseries de conservation, sans gluten",10.72Y,"Fabrication de biscuits, biscottes et pâtisseries de conservation",Multiple
10.86Z,Fabrication d'aliments homogénéisés et diététiques,"- la fabrication de pâtes alimentaires, sans gluten",10.73Y,Fabrication de pâtes alimentaires,Multiple
10.86Z,Fabrication d'aliments homogénéisés et diététiques,"- la fabrication de denrées alimentaires destinées à une alimentation particulière : • préparations pour nourrissons • préparations de suite, lait et autres aliments de suite • aliments pour bébés • aliments à faible valeur énergétique et à valeur énergétique réduite destinés au contrôle du poids • denrées alimentaires destinées à des fins médicales",10.86Y,Fabrication d’aliments homogénéisés et diététiques,Multiple
10.89Z,Fabrication d'autres produits alimentaires n.c.a.,"- la fabrication de soupes et de bouillons - la fabrication d'aliments préparés périssables, par exemple • sandwichs • pizzas fraîches (non cuites) - la fabrication de quiches et de croque-monsieurs - la fabrication de levures - la fabrication d'extraits et de jus de viande, poisson, crustacés ou mollusques - la fabrication de substituts de viande et de fromage - la fabrication d'ovoproduits, par exemple l'ovalbumine - la fabrication de concentrés artificiels - la transformation de miel naturel acheté - la fabrication de produits semi-finis pour glaces et pâtisseries - la fabrication de soupes instantanées précuites et de nouilles instantanées - la fabrication de miel artificiel et de caramel artificiel - la fabrication d'extraits et de sirops de malt - la fabrication de farines d'insectes et d'autres préparations à base d'insectes",10.89Y,Fabrication d’autres produits alimentaires n.c.a.,Multiple
10.89Z,Fabrication d'autres produits alimentaires n.c.a.,"- la production de substituts de lait d'origine végétale (par exemple, les boissons à base de noix de coco, de riz, d'amande ou de soja)",11.07H,Production d'autres boissons non alcoolisées,Multiple
10.91Z,Fabrication d'aliments pour animaux de ferme,tout le contenu de la sous-classe NAF rév. 2,10.91Y,Fabrication d’aliments pour animaux de ferme,Unique
10.92Z,Fabrication d'aliments pour animaux de compagnie,tout le contenu de la sous-classe NAF rév. 2,10.92Y,Fabrication d’aliments pour animaux de compagnie,Unique
11.01Z,Production de boissons alcooliques distillées,tout le contenu de la sous-classe NAF rév. 2,11.01Y,Production de boissons alcoolisées distillées,Unique
11.02A,Fabrication de vins effervescents,tout le contenu de la sous-classe NAF rév. 2,11.02G,Fabrication de vins effervescents,Unique
11.02B,Vinification,tout le contenu de la sous-classe NAF rév. 2,11.02H,Fabrication de vins non effervescents,Unique
11.03Z,Fabrication de cidre et de vins de fruits,tout le contenu de la sous-classe NAF rév. 2,11.03Y,Fabrication de cidre et autres boissons fermentées à base de fruits,Unique
11.04Z,Production d'autres boissons fermentées non distillées,tout le contenu de la sous-classe NAF rév. 2,11.04Y,Production d’autres boissons fermentées non distillées,Unique
11.05Z,Fabrication de bière,tout le contenu de la sous-classe NAF rév. 2,11.05Y,Fabrication de bière,Unique
11.06Z,Fabrication de malt,tout le contenu de la sous-classe NAF rév. 2,11.06Y,Fabrication de malt,Unique
11.07A,Industrie des eaux de table,tout le contenu de la sous-classe NAF rév. 2,11.07G,Industrie des eaux de table,Unique
11.07B,Production de boissons rafraîchissantes,- la fabrication de laits aromatisés,10.51G,"Fabrication de lait liquide, crèmes de lait et laits fermentés",Multiple
11.07B,Production de boissons rafraîchissantes,- la fabrication de sirops de fruits,10.89Y,Fabrication d’autres produits alimentaires n.c.a.,Multiple
11.07B,Production de boissons rafraîchissantes,"à l’exception de la fabrication des laits aromatisés et sirops de fuits, le contenu de la sous-classe NAF rév. 2 est entièrement couvert par la sous-classe NAF 2025 en correspondance",11.07H,Production d'autres boissons non alcoolisées,Multiple
12.00Z,Fabrication de produits à base de tabac,tout le contenu de la sous-classe NAF rév. 2,12.00Y,Fabrication de produits à base de tabac,Unique
13.10Z,Préparation de fibres textiles et filature,tout le contenu de la sous-classe NAF rév. 2,13.10Y,Préparation de fibres textiles et filature,Unique
13.20Z,Tissage,"- la fabrication de tissus larges en coton, en laine, en peigné ou en soie, y compris à partir de mélanges ou de fils artificiels ou synthétiques (polypropylène, etc.) - la fabrication d'autres tissus larges, à partir de lin, de ramie, de chanvre, de jute, de fibres libériennes et de fils spéciaux - la fabrication de tissus larges à partir de matières premières secondaires - la fabrication de tissus à poils ou à chenilles, de tissus éponge, de gaze, etc. - la fabrication de tissus en fils d'aramide - la fabrication d'imitations de fourrure par tissage",13.20Y,Tissage,Multiple
13.20Z,Tissage,- la fabrication de tissus en fibres de verre,13.96Y,Fabrication d’autres textiles techniques et industriels,Multiple
13.20Z,Tissage,- la fabrication de fils de carbone tissés,23.99Y,Fabrication d’autres produits minéraux non métalliques n.c.a.,Multiple
13.30Z,Ennoblissement textile,tout le contenu de la sous-classe NAF rév. 2,13.30Y,Ennoblissement textile,Unique
13.91Z,Fabrication d'étoffes à mailles,tout le contenu de la sous-classe NAF rév. 2,13.91Y,Fabrication d’étoffes à mailles,Unique
13.92Z,"Fabrication d'articles textiles, sauf habillement","- la fabrication d'articles textiles ménagers confectionnés en toutes matières, y compris en étoffes de bonneterie, par ex : • couvertures, y compris tapis de voyage • linge de lit, de table, de toilette ou de cuisine • édredons, coussins, poufs, oreillers, sacs de couchage - la fabrication d'articles d'ameublement confectionnés : • rideaux, cantonnières, couvre-lits • drapeaux, bannières, fanions • chiffons à poussière, torchons et articles similaires - la fabrication de la partie textile des couvertures électriques - la fabrication de tapisseries tissées à la main",13.92Y,Fabrication de textiles ménagers et d’articles d’ameublement confectionnés,Multiple
13.92Z,"Fabrication d'articles textiles, sauf habillement","- la fabrication de bâches, de tentes, de matelas pneumatiques en matières textiles, de voiles, de parachutes, de textiles pour stores et marquises, de housses pour voitures, machines ou meubles",13.96Y,Fabrication d’autres textiles techniques et industriels,Multiple
13.93Z,Fabrication de tapis et moquettes,tout le contenu de la sous-classe NAF rév. 2,13.93Y,Fabrication de tapis et moquettes,Unique
13.94Z,"Fabrication de ficelles, cordes et filets",tout le contenu de la sous-classe NAF rév. 2,13.94Y,"Fabrication de ficelles, cordes et filets",Unique
13.95Z,"Fabrication de non-tissés, sauf habillement",tout le contenu de la sous-classe NAF rév. 2,13.95Y,Fabrication de textiles non-tissés et articles non-tissés,Unique
13.96Z,Fabrication d'autres textiles techniques et industriels,tout le contenu de la sous-classe NAF rév. 2,13.96Y,Fabrication d’autres textiles techniques et industriels,Unique
13.99Z,Fabrication d'autres textiles n.c.a.,tout le contenu de la sous-classe NAF rév. 2,13.99Y,Fabrication d’autres textiles n.c.a.,Unique
14.11Z,Fabrication de vêtements en cuir,tout le contenu de la sous-classe NAF rév. 2,14.24Y,Fabrication de vêtements en cuir et en fourrure,Unique
14.12Z,Fabrication de vêtements de travail,tout le contenu de la sous-classe NAF rév. 2,14.23Y,Fabrication de vêtements de travail,Unique
14.13Z,Fabrication de vêtements de dessus,"- la fabrication de vêtements d'extérieur en bonneterie, par exemple manteaux, costumes, ensembles, vestes, pantalons et jupes",14.10Y,Fabrication d’articles à mailles,Multiple
14.13Z,Fabrication de vêtements de dessus,"- la fabrication de vêtements de dessus, autres qu'en bonneterie, par exemple manteaux, costumes, ensembles, vestes, pantalons, jupes - la fabrication des robes de mariée et autres vêtements de cérémonie - la confection sur mesure",14.21Y,Fabrication de vêtements de dessus,Multiple
14.14Z,Fabrication de vêtements de dessous,"- la fabrication d'articles d'habillement en bonneterie, par exemple chemises, T-shirts, chemisiers, vêtements de nuit, sous-vêtements",14.10Y,Fabrication d’articles à mailles,Multiple
14.14Z,Fabrication de vêtements de dessous,"- la fabrication de chemises, T-shirts, chemisiers, autres qu'en bonneterie",14.21Y,Fabrication de vêtements de dessus,Multiple
14.14Z,Fabrication de vêtements de dessous,"- la fabrication de sous-vêtements et de vêtements de nuit tissés, autres qu'en bonneterie (caleçons, slips, pyjamas, chemises de nuit, robes de chambre, slips, maillots de bain, sous-vêtements pour bébés, par exemple) - la fabrication de soutiens-gorge et de corsets en toutes matières textiles,",14.22Y,Fabrication de vêtements de dessous,Multiple
14.19Z,Fabrication d'autres vêtements et accessoires,- la fabrication de vêtements pour bébés en bonneterie - la fabrication de vêtements de sport et de bain en bonneterie,14.10Y,Fabrication d’articles à mailles,Multiple
14.19Z,Fabrication d'autres vêtements et accessoires,"- la fabrication de vêtements pour bébés autres qu'en bonneterie, uniquement des vêtements de dessus",14.21Y,Fabrication de vêtements de dessus,Multiple
14.19Z,Fabrication d'autres vêtements et accessoires,"- la fabrication de sous-vêtements pour bébés, autres qu'en bonneterie - la fabrication de maillots de bain, autres qu'en bonneterie",14.22Y,Fabrication de vêtements de dessous,Multiple
14.19Z,Fabrication d'autres vêtements et accessoires,"- la fabrication de vêtements de sport en tissus larges, par exemple survêtements, combinaisons de ski et autres vêtements de sport techniques - la fabrication de chapeaux et de casquettes - la fabrication d'autres accessoires de l'habillement, par exemple gants, ceintures, châles, cravates, foulards, filets à cheveux - la fabrication de chaussures en matières textiles sans semelles appliquées, à l'exception de celles en bonneterie",14.29Y,Fabrication d’autres articles d’habillement et accessoires n.c.a.,Multiple
14.20Z,Fabrication d'articles en fourrure,tout le contenu de la sous-classe NAF rév. 2,14.24Y,Fabrication de vêtements en cuir et en fourrure,Unique
14.31Z,Fabrication d'articles chaussants à mailles,tout le contenu de la sous-classe NAF rév. 2,14.10Y,Fabrication d’articles à mailles,Unique
14.39Z,Fabrication d'autres articles à mailles,tout le contenu de la sous-classe NAF rév. 2,14.10Y,Fabrication d’articles à mailles,Unique
15.11Z,Apprêt et tannage des cuirs ; préparation et teinture des fourrures,tout le contenu de la sous-classe NAF rév. 2,15.11Y,"Tannage, apprêt et teinture des cuirs et des fourrures",Unique
15.12Z,"Fabrication d'articles de voyage, de maroquinerie et de sellerie",tout le contenu de la sous-classe NAF rév. 2,15.12Y,"Fabrication de bagages, de maroquinerie, sellerie et bourrellerie, en toutes matières",Unique
15.20Z,Fabrication de chaussures,tout le contenu de la sous-classe NAF rév. 2,15.20Y,Fabrication de chaussures,Unique
16.10A,"Sciage et rabotage du bois, hors imprégnation",tout le contenu de la sous-classe NAF rév. 2,16.11Y,Sciage et rabotage du bois,Unique
16.10B,Imprégnation du bois,tout le contenu de la sous-classe NAF rév. 2,16.12Y,Façonnage et finition du bois,Unique
16.21Z,Fabrication de placage et de panneaux de bois,"- la fabrication de feuilles de placage suffisamment fines pour être utilisées pour le placage, la fabrication de contreplaqué ou à d'autres fins : • lissées, teintées, enduites, imprégnées, renforcées (avec un support en papier ou en tissu) • réalisés sous forme de motifs - la fabrication de contreplaqués, de panneaux de placage et de planches et feuilles similaires en bois stratifié - la fabrication de panneaux à copeaux orientés (OSB) et d'autres panneaux de particules - la fabrication de panneaux de fibres de densité moyenne (MDF) et d'autres panneaux de fibres - la fabrication de bois densifié - la fabrication de bois lamellé-collé, de bois lamellé-croisé (CLT) et de bois de placage stratifié - la fabrication de panneaux isolants en bois ou en autres matières ligneuses, même agglomérées avec des résines ou d'autres substances organiques",16.21Y,Fabrication de placage et de panneaux de bois,Multiple
16.21Z,Fabrication de placage et de panneaux de bois,- la finition des produits en bois,16.27Y,Finition de produits en bois,Multiple
16.22Z,Fabrication de parquets assemblés,"- la fabrication de parquets en bois en blocs, en lames, etc., assemblés en panneaux",16.22Y,Fabrication de parquets assemblés,Multiple
16.22Z,Fabrication de parquets assemblés,- la finition des produits en bois,16.27Y,Finition de produits en bois,Multiple
16.23Z,Fabrication de charpentes et d'autres menuiseries,"- la fabrication d'articles en bois destinés à être utilisés principalement dans l'industrie de la construction : • poutres, chevrons, entretoises de toit • fermes de toit en bois préfabriquées, lamellées-collées et liées au métal • escaliers, rampes • baguettes et moulures en bois, bardeaux et bardeaux de fente - la fabrication de bâtiments préfabriqués ou d'éléments de bâtiments préfabriqués, principalement en bois, par exemple les saunas - la fabrication de maisons mobiles et de caravanes - la fabrication de cloisons en bois (à l'exception des cloisons indépendantes) - la fabrication de stands en bois",16.23Y,Fabrication de charpentes et d’autres menuiseries,Multiple
16.23Z,Fabrication de charpentes et d'autres menuiseries,"- la fabrication de portes, de leurs cadres et de leurs seuils en bois - la fabrication de fenêtres, de volets et de portes-fenêtres et de leurs cadres, en bois - la fabrication de portes et fenêtres multi-matériaux dont le cadre est en bois",16.25Y,Fabrication de portes et fenêtres en bois,Multiple
16.23Z,Fabrication de charpentes et d'autres menuiseries,- la finition des produits en bois,16.27Y,Finition de produits en bois,Multiple
16.24Z,Fabrication d'emballages en bois,"- la fabrication de caisses d'emballage, de boîtes, de cageots, de tambours et d'articles similaires en bois - la fabrication de palettes, de caisses-palettes et d'autres plateaux de chargement en bois - la fabrication de tonneaux, de cuves, de baquets et d'autres articles de tonnellerie en bois - la fabrication de tourets à câbles en bois",16.24Y,Fabrication d’emballages en bois,Multiple
16.24Z,Fabrication d'emballages en bois,- la finition des produits en bois,16.27Y,Finition de produits en bois,Multiple
16.29Z,"Fabrication d'objets divers en bois ; fabrication d'objets en liège, vannerie et sparterie",- la fabrication de pièces de chaussures en bois,15.20Y,Fabrication de chaussures,Multiple
16.29Z,"Fabrication d'objets divers en bois ; fabrication d'objets en liège, vannerie et sparterie","- la fabrication de bûches et de granulés de bois à partir de sciure de bois agglomérée, de déchets et de chutes de bois, de paille ou d'autres biomasses végétales",16.26Y,Fabrication de combustibles solides à partir de biomasse végétale,Multiple
16.29Z,"Fabrication d'objets divers en bois ; fabrication d'objets en liège, vannerie et sparterie",- les processus d'affinage ou de protection des surfaces en bois - la finition de produits en bois,16.27Y,Finition de produits en bois,Multiple
16.29Z,"Fabrication d'objets divers en bois ; fabrication d'objets en liège, vannerie et sparterie","- la fabrication de divers produits en bois : • manches et corps en bois pour outils, balais, brosses • formes et embauchoirs à bottes ou à chaussures en bois, cintres • ustensiles de ménage, vaisselle et ustensiles de cuisine en bois • statuettes et ornements en bois, marqueterie de bois, bois incrusté • coffrets en bois pour bijoux, couverts et articles similaires • bobines, canettes, bobines de fil à coudre et articles similaires en bois tourné • autres articles en bois - la fabrication de cadres en bois pour toiles d'artistes - le traitement du liège naturel, la fabrication de liège aggloméré - la fabrication de bouchons pour bouteilles - la fabrication d'articles en liège naturel ou aggloméré, y compris les revêtements de sol - la fabrication de tresses et de produits en matériaux de tressage : nattes, paillassons, paravents, étuis, etc. - la fabrication d'articles de vannerie et d'osier - la fabrication de cadres de miroirs et de tableaux en bois - la fabrication de manches de parapluies, de cannes et d'articles similaires - la fabrication de blocs pour la fabrication de pipes à fumer",16.28Y,"Fabrication d’objets divers en bois, d’objets en liège, vannerie et sparterie",Multiple
17.11Z,Fabrication de pâte à papier,tout le contenu de la sous-classe NAF rév. 2,17.11Y,Fabrication de pâte à papier,Unique
17.12Z,Fabrication de papier et de carton,tout le contenu de la sous-classe NAF rév. 2,17.12Y,Fabrication de papier et de carton,Unique
17.21A,Fabrication de carton ondulé,tout le contenu de la sous-classe NAF rév. 2,17.21Y,Fabrication de papier et carton ondulés et d’emballages en papier ou en carton,Unique
17.21B,Fabrication de cartonnages,tout le contenu de la sous-classe NAF rév. 2,17.21Y,Fabrication de papier et carton ondulés et d’emballages en papier ou en carton,Unique
17.21C,Fabrication d'emballages en papier,tout le contenu de la sous-classe NAF rév. 2,17.21Y,Fabrication de papier et carton ondulés et d’emballages en papier ou en carton,Unique
17.22Z,Fabrication d'articles en papier à usage sanitaire ou domestique,tout le contenu de la sous-classe NAF rév. 2,17.22Y,Fabrication d’articles en papier à usage sanitaire ou domestique,Unique
17.23Z,Fabrication d'articles de papeterie,tout le contenu de la sous-classe NAF rév. 2,17.23Y,Fabrication d’articles de papeterie,Unique
17.24Z,Fabrication de papiers peints,tout le contenu de la sous-classe NAF rév. 2,17.24Y,Fabrication de papiers peints,Unique
17.29Z,Fabrication d'autres articles en papier ou en carton,tout le contenu de la sous-classe NAF rév. 2,17.25Y,Fabrication d’autres articles en papier ou en carton,Unique
18.11Z,Imprimerie de journaux,tout le contenu de la sous-classe NAF rév. 2,18.11Y,Imprimerie de journaux,Unique
18.12Z,Autre imprimerie (labeur),- l'impression de tissus textiles en tant que procédé intermédiaire dans la fabrication de textiles,13.30Y,Ennoblissement textile,Multiple
18.12Z,Autre imprimerie (labeur),"- l'impression de magazines et autres périodiques paraissant moins de quatre fois par semaine - l'impression de livres et de brochures, de musique et de manuscrits musicaux, de cartes, d'atlas, d'affiches, de catalogues publicitaires, de prospectus et d'autres imprimés publicitaires, de timbres-poste, de timbres fiscaux, de titres de propriété, de chèques et d'autres titres, de cartes à puce, d'albums, d'agendas, de calendriers et d'autres imprimés commerciaux, de paquets de bière, d'articles de papeterie personnalisés et d'autres imprimés par typographie, offset, photogravure, flexographie, sérigraphie et autres presses d'imprimerie, machines à dupliquer, imprimantes informatiques, gaufreuses, etc, y compris l'impression rapide directement sur les textiles, le plastique, le verre, le métal, le bois et la céramique - l'impression numérique - l'impression décorative, par exemple l'impression d'emballages cadeaux, de papiers peints, de matériaux pour le transfert - l'impression grand format, par exemple l'impression de drapeaux, de bannières, de roll-ups, d'affiches - l’impression d'étiquettes, par exemple lithographie, héliogravure, flexographie, impression d'enseignes - la gravure au laser sur textiles",18.12Y,Autres activités d’imprimerie,Multiple
18.13Z,Activités de pré-presse,tout le contenu de la sous-classe NAF rév. 2,18.13Y,Activités de pré-presse,Unique
18.14Z,Reliure et activités connexes,tout le contenu de la sous-classe NAF rév. 2,18.14Y,Reliure et activités connexes,Unique
18.20Z,Reproduction d'enregistrements,tout le contenu de la sous-classe NAF rév. 2,18.20Y,Reproduction d’enregistrements,Unique
19.10Z,Cokéfaction,tout le contenu de la sous-classe NAF rév. 2,19.10Y,Cokéfaction,Unique
19.20Z,Raffinage du pétrole,tout le contenu de la sous-classe NAF rév. 2,19.20Y,Raffinage du pétrole et fabrication de produits à base de combustibles fossiles,Unique
20.11Z,Fabrication de gaz industriels,"- la fabrication de gaz industriels ou médicaux inorganiques sélectionnés, liquéfiés ou comprimés : • gaz élémentaires • air liquide ou comprimé • gaz industriels mélangés • gaz inertes, par exemple dioxyde de carbone • gaz isolants - la production d'hydrogène, non destinée à la fourniture d'énergie par l'intermédiaire d'un réseau",20.11Y,Fabrication de gaz industriels,Multiple
20.11Z,Fabrication de gaz industriels,- la fabrication de gaz réfrigérants,20.14Y,Fabrication d’autres produits chimiques organiques de base,Multiple
20.12Z,Fabrication de colorants et de pigments,tout le contenu de la sous-classe NAF rév. 2,20.12Y,Fabrication de colorants et de pigments,Unique
20.13A,Enrichissement et retraitement de matières nucléaires,tout le contenu de la sous-classe NAF rév. 2,20.13Y,Fabrication d’autres produits chimiques inorganiques de base,Unique
20.13B,Fabrication d'autres produits chimiques inorganiques de base n.c.a.,tout le contenu de la sous-classe NAF rév. 2,20.13Y,Fabrication d’autres produits chimiques inorganiques de base,Unique
20.14Z,Fabrication d'autres produits chimiques organiques de base,"- la fabrication de produits chimiques à l'aide de procédés de base, tels que le craquage thermique et la distillation ; le résultat de ces procédés est généralement constitué d'éléments chimiques distincts ou de composés organiques chimiquement définis - la fabrication de produits chimiques organiques de base : • hydrocarbures acycliques, saturés et insaturés • hydrocarbures cycliques, saturés et insaturés • alcools acycliques et cycliques • acides mono- et polycarboxyliques, y compris acide acétique • autres composés à fonction oxygénée, y compris aldéhydes, cétones, quinones et composés à fonction oxygénée double ou multiple • glycérol synthétique • composés organiques à fonction azotée, y compris amines • fermentation de la canne à sucre, du maïs ou d'un produit similaire pour produire de l'alcool et des esters • autres composés organiques, y compris produits de la distillation du bois (charbon de bois, par exemple), etc. - la fabrication de produits aromatiques synthétiques - la fabrication de méthane, non destiné à être fourni comme combustible gazeux par l'intermédiaire d'un réseau d'approvisionnement permanent - la distillation de goudron de houille - la fabrication d'alcool éthylique, autre que pour le carburant bioéthanol",20.14Y,Fabrication d’autres produits chimiques organiques de base,Multiple
20.14Z,Fabrication d'autres produits chimiques organiques de base,"- la fabrication d'éthanol à partir de la biomasse - la fabrication de mélanges de bioéthanol et d'éthers partiellement dérivés de la biomasse - la fabrication de biocarburants liquides, même si les procédés utilisent des déchets comme intrants",20.51Y,Fabrication de biocarburants liquides,Multiple
20.15Z,Fabrication de produits azotés et d'engrais,tout le contenu de la sous-classe NAF rév. 2,20.15Y,Fabrication de produits azotés et d’engrais,Unique
20.16Z,Fabrication de matières plastiques de base,tout le contenu de la sous-classe NAF rév. 2,20.16Y,Fabrication de matières plastiques de base,Unique
20.17Z,Fabrication de caoutchouc synthétique,tout le contenu de la sous-classe NAF rév. 2,20.17Y,Fabrication de caoutchouc synthétique,Unique
20.20Z,Fabrication de pesticides et d’autres produits agrochimiques,tout le contenu de la sous-classe NAF rév. 2,20.20Y,"Fabrication de pesticides, de désinfectants et d’autres produits agrochimiques",Unique
20.30Z,"Fabrication de peintures, vernis, encres et mastics",tout le contenu de la sous-classe NAF rév. 2,20.30Y,"Fabrication de peintures, vernis, encres et mastics",Unique
20.41Z,"Fabrication de savons, détergents et produits d'entretien",tout le contenu de la sous-classe NAF rév. 2,20.41Y,"Fabrication de savons, détergents et produits d’entretien",Unique
20.42Z,Fabrication de parfums et de produits pour la toilette,tout le contenu de la sous-classe NAF rév. 2,20.42Y,Fabrication de parfums et de produits pour la toilette,Unique
20.51Z,Fabrication de produits explosifs,tout le contenu de la sous-classe NAF rév. 2,20.59Y,Fabrication d’autres produits chimiques n.c.a.,Unique
20.52Z,Fabrication de colles,tout le contenu de la sous-classe NAF rév. 2,20.59Y,Fabrication d’autres produits chimiques n.c.a.,Unique
20.53Z,Fabrication d'huiles essentielles,tout le contenu de la sous-classe NAF rév. 2,20.59Y,Fabrication d’autres produits chimiques n.c.a.,Unique
20.59Z,Fabrication d'autres produits chimiques n.c.a.,- la fabrication de biodiesel,20.51Y,Fabrication de biocarburants liquides,Multiple
20.59Z,Fabrication d'autres produits chimiques n.c.a.,"- la fabrication de plaques et de films photographiques, de papier sensibilisé et d'autres matériaux sensibilisés non exposés - la fabrication de préparations chimiques à usage photographique - la fabrication de gélatine et de ses dérivés - la fabrication d'huiles essentielles - la fabrication d'e-liquides utilisés dans les dispositifs de vapotage - la fabrication de divers produits chimiques : • peptones, dérivés de peptones, autres substances protéiques et leurs dérivés non cités ailleurs • huiles et graisses modifiées chimiquement • matières utilisées dans l'ennoblissement des textiles et du cuir • poudres et pâtes utilisées pour le brasage ou la soudure • substances utilisées pour le décapage des métaux • additifs préparés pour les ciments • charbon actif, additifs pour huiles lubrifiantes, accélérateurs de caoutchouc préparés, catalyseurs et autres produits chimiques à usage industriel • préparations antidétonantes, préparations antigel • liquides pour transmission hydraulique • réactifs composites de diagnostic ou de laboratoire • additifs pour carburants, par exemple à base d'éthyl-tertio-butyl-éther (ETBE) et de méthyl-tertio-butyl-éther (MTBE) - la fabrication d'encres à écrire et à dessiner",20.59Y,Fabrication d’autres produits chimiques n.c.a.,Multiple
20.60Z,Fabrication de fibres artificielles ou synthétiques,tout le contenu de la sous-classe NAF rév. 2,20.60Y,Fabrication de fibres artificielles ou synthétiques,Unique
21.10Z,Fabrication de produits pharmaceutiques de base,tout le contenu de la sous-classe NAF rév. 2,21.10Y,Fabrication de produits pharmaceutiques de base,Unique
21.20Z,Fabrication de préparations pharmaceutiques,tout le contenu de la sous-classe NAF rév. 2,21.20Y,Fabrication de préparations pharmaceutiques,Unique
22.11Z,Fabrication et rechapage de pneumatiques,tout le contenu de la sous-classe NAF rév. 2,22.11Y,Fabrication et rechapage de pneus en caoutchouc et fabrication de chambres à air,Unique
22.19Z,Fabrication d'autres articles en caoutchouc,- la fabrication de pièces en caoutchouc pour chaussures,15.20Y,Fabrication de chaussures,Multiple
22.19Z,Fabrication d'autres articles en caoutchouc,"- la fabrication d'autres produits en caoutchouc naturel ou synthétique, non vulcanisé, vulcanisé ou durci : • plaques, feuilles, bandes, tiges et profilés en caoutchouc • tubes, tuyaux et boyaux • courroies transporteuses ou de transmission en caoutchouc • articles hygiéniques en caoutchouc : contraceptifs à gaine, tétines, bouillottes, etc. • articles d'habillement en caoutchouc • fils et cordes en caoutchouc • fils et tissus caoutchoutés • bagues, raccords et joints en caoutchouc • revêtements de rouleaux en caoutchouc • matelas gonflables en caoutchouc • ballons gonflables - la fabrication de brosses en caoutchouc - la fabrication de tuyaux en caoutchouc dur - la fabrication de peignes, d'épingles à cheveux, de rouleaux à cheveux et d'articles similaires en caoutchouc dur - la fabrication de joints de dilatation en caoutchouc pour la construction - la fabrication de latex de caoutchouc cellulaire - la fabrication de revêtements de sol en caoutchouc - la fabrication de matériaux de réparation en caoutchouc - la fabrication de tissus imprégnés, enduits, recouverts ou stratifiés de caoutchouc - la fabrication de matelas d'eau en caoutchouc - la fabrication de bonnets et de tabliers de bain en caoutchouc - la fabrication de combinaisons humides et de combinaisons de plongée en caoutchouc - la fabrication d'articles sexuels en caoutchouc - la fabrication de vêtements en latex",22.12Y,Fabrication d’autres articles en caoutchouc,Multiple
22.21Z,"Fabrication de plaques, feuilles, tubes et profilés en matières plastiques","- la fabrication de produits semi-finis en plastique : • plaques, feuilles, blocs, films, feuilles, bandes, etc. - la fabrication de produits finis en plastique : • tubes, tuyaux et boyaux ; raccords de tuyaux et de boyaux • films ou feuilles de cellophane - la fabrication de plaques et de feuilles souples ou rigides en polyuréthane cellulaire - la fabrication de plaques, feuilles, films, feuilles et bandes en matière plastique, renforcés, laminés, soutenus ou combinés de façon similaire avec d'autres matériaux - la fabrication de plaques, feuilles, films, pellicules et bandes autocollantes en matière plastique",22.21Y,"Fabrication de plaques, feuilles, tubes et profilés en matières plastiques",Multiple
22.21Z,"Fabrication de plaques, feuilles, tubes et profilés en matières plastiques",- la finition des produits en plastique,22.25Y,Façonnage et finition de produits en matières plastiques,Multiple
22.22Z,Fabrication d'emballages en matières plastiques,"- la fabrication d'articles en plastique pour l'emballage de marchandises : • sacs, sachets, conteneurs, boîtes, caisses, bonbonnes, bouteilles, etc. en matière plastique.",22.22Y,Fabrication d’emballages en matières plastiques,Multiple
22.22Z,Fabrication d'emballages en matières plastiques,- la finition des produits en plastique,22.25Y,Façonnage et finition de produits en matières plastiques,Multiple
22.23Z,Fabrication d'éléments en matières plastiques pour la construction,"- la fabrication de portes, de fenêtres et de leurs cadres en plastique - la fabrication de portes et fenêtres multi-matériaux dont le cadre est en matière plastique - la fabrication de volets, de stores (y compris les stores vénitiens) et d'articles similaires et de leurs parties, en matière plastique - la fabrication de volets multi-matériaux pour portes et fenêtres dont le cadre est en matière plastique",22.23Y,Fabrication de portes et fenêtres en matières plastiques,Multiple
22.23Z,Fabrication d'éléments en matières plastiques pour la construction,"- la fabrication d'articles en plastique pour le bâtiment : • plinthes • cuves, réservoirs • revêtements de sol, de mur ou de plafond en plastique, en rouleaux ou sous forme de carreaux, etc. • articles sanitaires en plastique tels que baignoires, douches, lavabos, cuvettes de WC, réservoirs de chasse d'eau, etc. - la fabrication de revêtements de sol souples, tels que vinyle, linoléum, etc. - la fabrication d'articles sanitaires fabriqués à partir d'un mélange de matières plastiques et de minéraux, les minéraux servant de charge",22.24Y,Fabrication d’éléments en matières plastiques pour la construction,Multiple
22.23Z,Fabrication d'éléments en matières plastiques pour la construction,- la finition des produits en plastique,22.25Y,Façonnage et finition de produits en matières plastiques,Multiple
22.23Z,Fabrication d'éléments en matières plastiques pour la construction,- la fabrication de pierres artificielles (par exemple le marbre de culture),23.66Y,"Fabrication d’autres ouvrages en béton, en ciment ou en plâtre",Multiple
22.29A,Fabrication de pièces techniques à base de matières plastiques,- la fabrication pour compte de tiers de parties de chaussures en plastique,15.20Y,Fabrication de chaussures,Multiple
22.29A,Fabrication de pièces techniques à base de matières plastiques,"à l’exception de la fabrication de parties de chaussures en plastique (pour compte de tiers), le contenu de la sous-classe NAF rév. 2 est entièrement couvert par la sous-classe NAF 2025 en correspondance",22.25Y,Façonnage et finition de produits en matières plastiques,Multiple
22.29B,Fabrication de produits de consommation courante en matières plastiques,- la fabrication de parties de chaussures en plastique,15.20Y,Fabrication de chaussures,Multiple
22.29B,Fabrication de produits de consommation courante en matières plastiques,- la fabrication de rubans auto-adhésifs en matière plastique,22.21Y,"Fabrication de plaques, feuilles, tubes et profilés en matières plastiques",Multiple
22.29B,Fabrication de produits de consommation courante en matières plastiques,"- la transformation et la finition de produits en plastique, généralement effectuées sur la base d'une rémunération ou d'un contrat - le revêtement métallique des matières plastiques",22.25Y,Façonnage et finition de produits en matières plastiques,Multiple
22.29B,Fabrication de produits de consommation courante en matières plastiques,"- la fabrication de vaisselle, d'ustensiles de cuisine et d'articles de toilette en plastique - la fabrication de divers produits en plastique, par exemple • coiffures en plastique, à l'exclusion des coiffures de sécurité, pièces isolantes, parties de luminaires, fournitures de bureau ou scolaires, articles d'habillement, ferrures pour meubles, statuettes, courroies de transmission et de transport, semelles de chaussures en plastique, porte-cigares et porte-cigarettes en plastique, peignes, bigoudis en plastique, articles de fantaisie en plastique - la fabrication de produits en pâte polymère - la fabrication de matériel de nettoyage en plastique",22.26Y,Fabrication d’autres articles en matières plastiques,Multiple
23.11Z,Fabrication de verre plat,tout le contenu de la sous-classe NAF rév. 2,23.11Y,Fabrication de verre plat,Unique
23.12Z,Façonnage et transformation du verre plat,"- la fabrication de feuilles ou de profilés de verre courbés, taillés, gravés, percés ou émaillés - la fabrication de verre de sécurité trempé ou feuilleté - la fabrication de miroirs en verre - la fabrication de vitrages isolants à parois multiples ou d’unités de verre isolants à parois multiples - la fabrication de verre à couche - le traitement de surface du verre plat",23.12Y,Façonnage et transformation du verre plat,Multiple
23.12Z,Façonnage et transformation du verre plat,- la fabrication de rétroviseurs pour véhicules,29.32Y,Fabrication d’autres équipements automobiles,Multiple
23.13Z,Fabrication de verre creux,tout le contenu de la sous-classe NAF rév. 2,23.13Y,Fabrication de verre creux,Unique
23.14Z,Fabrication de fibres de verre,tout le contenu de la sous-classe NAF rév. 2,23.14Y,Fabrication de fibres de verre,Unique
23.19Z,"Fabrication et façonnage d'autres articles en verre, y compris verre technique",tout le contenu de la sous-classe NAF rév. 2,23.15Y,"Fabrication et façonnage d’autres articles en verre, y compris verre technique",Unique
23.20Z,Fabrication de produits réfractaires,tout le contenu de la sous-classe NAF rév. 2,23.20Y,Fabrication de produits réfractaires,Unique
23.31Z,Fabrication de carreaux en céramique,tout le contenu de la sous-classe NAF rév. 2,23.31Y,Fabrication de carreaux en céramique,Unique
23.32Z,"Fabrication de briques, tuiles et produits de construction, en terre cuite",tout le contenu de la sous-classe NAF rév. 2,23.32Y,"Fabrication de briques, tuiles et produits de construction, en terre cuite",Unique
23.41Z,Fabrication d'articles céramiques à usage domestique ou ornemental,tout le contenu de la sous-classe NAF rév. 2,23.41Y,Fabrication d’articles céramiques à usage domestique ou ornemental,Unique
23.42Z,Fabrication d'appareils sanitaires en céramique,"- la fabrication d'appareils sanitaires en céramique (par exemple éviers, lavabos, socles de lavabos, baignoires, bidets, cuvettes de toilettes, réservoirs de chasse d'eau)",23.42Y,Fabrication d’appareils sanitaires en céramique,Multiple
23.42Z,Fabrication d'appareils sanitaires en céramique,"- la fabrication de meubles de cuisine et salle de bain, en céramique",31.00H,Fabrication de meubles de cuisine et salle de bain,Multiple
23.43Z,Fabrication d'isolateurs et pièces isolantes en céramique,tout le contenu de la sous-classe NAF rév. 2,23.43Y,Fabrication d’isolateurs et pièces isolantes en céramique,Unique
23.44Z,Fabrication d'autres produits céramiques à usage technique,tout le contenu de la sous-classe NAF rév. 2,23.44Y,Fabrication d’autres produits céramiques à usage technique,Unique
23.49Z,Fabrication d'autres produits céramiques,tout le contenu de la sous-classe NAF rév. 2,23.45Y,Fabrication d’autres produits céramiques,Unique
23.51Z,Fabrication de ciment,tout le contenu de la sous-classe NAF rév. 2,23.51Y,Fabrication de ciment,Unique
23.52Z,Fabrication de chaux et plâtre,tout le contenu de la sous-classe NAF rév. 2,23.52Y,Fabrication de chaux et plâtre,Unique
23.61Z,Fabrication d'éléments en béton pour la construction,tout le contenu de la sous-classe NAF rév. 2,23.61Y,Fabrication d’éléments en béton pour la construction,Unique
23.62Z,Fabrication d'éléments en plâtre pour la construction,tout le contenu de la sous-classe NAF rév. 2,23.62Y,Fabrication d’éléments en plâtre pour la construction,Unique
23.63Z,Fabrication de béton prêt à l'emploi,tout le contenu de la sous-classe NAF rév. 2,23.63Y,Fabrication de béton prêt à l’emploi,Unique
23.64Z,Fabrication de mortiers et bétons secs,tout le contenu de la sous-classe NAF rév. 2,23.64Y,Fabrication de mortiers et de bétons secs,Unique
23.65Z,Fabrication d'ouvrages en fibre-ciment,tout le contenu de la sous-classe NAF rév. 2,23.65Y,Fabrication d’ouvrages en fibre-ciment,Unique
23.69Z,"Fabrication d'autres ouvrages en béton, en ciment ou en plâtre",tout le contenu de la sous-classe NAF rév. 2,23.66Y,"Fabrication d’autres ouvrages en béton, en ciment ou en plâtre",Unique
23.70Z,"Taille, façonnage et finissage de pierres",tout le contenu de la sous-classe NAF rév. 2,23.70Y,"Taille, façonnage et finissage de pierres",Unique
23.91Z,Fabrication de produits abrasifs,tout le contenu de la sous-classe NAF rév. 2,23.91Y,Fabrication de produits abrasifs,Unique
23.99Z,Fabrication d'autres produits minéraux non métalliques n.c.a.,tout le contenu de la sous-classe NAF rév. 2,23.99Y,Fabrication d’autres produits minéraux non métalliques n.c.a.,Unique
24.10Z,Sidérurgie,tout le contenu de la sous-classe NAF rév. 2,24.10Y,Sidérurgie,Unique
24.20Z,"Fabrication de tubes, tuyaux, profilés creux et accessoires correspondants en acier",tout le contenu de la sous-classe NAF rév. 2,24.20Y,"Fabrication de tubes, tuyaux, profilés creux et accessoires correspondants en acier",Unique
24.31Z,Étirage à froid de barres,tout le contenu de la sous-classe NAF rév. 2,24.31Y,Étirage à froid de barres,Unique
24.32Z,Laminage à froid de feuillards,tout le contenu de la sous-classe NAF rév. 2,24.32Y,Laminage à froid de feuillards,Unique
24.33Z,Profilage à froid par formage ou pliage,tout le contenu de la sous-classe NAF rév. 2,24.33Y,Profilage à froid par formage ou pliage,Unique
24.34Z,Tréfilage à froid,tout le contenu de la sous-classe NAF rév. 2,24.34Y,Tréfilage à froid,Unique
24.41Z,Production de métaux précieux,tout le contenu de la sous-classe NAF rév. 2,24.41Y,Production de métaux précieux,Unique
24.42Z,Métallurgie de l'aluminium,tout le contenu de la sous-classe NAF rév. 2,24.42Y,Métallurgie de l’aluminium,Unique
24.43Z,"Métallurgie du plomb, du zinc ou de l'étain",tout le contenu de la sous-classe NAF rév. 2,24.43Y,"Métallurgie du plomb, du zinc ou de l’étain",Unique
24.44Z,Métallurgie du cuivre,tout le contenu de la sous-classe NAF rév. 2,24.44Y,Métallurgie du cuivre,Unique
24.45Z,Métallurgie des autres métaux non ferreux,tout le contenu de la sous-classe NAF rév. 2,24.45Y,Métallurgie des autres métaux non ferreux,Unique
24.46Z,Élaboration et transformation de matières nucléaires,tout le contenu de la sous-classe NAF rév. 2,24.46Y,Élaboration et transformation de matières nucléaires,Unique
24.51Z,Fonderie de fonte,tout le contenu de la sous-classe NAF rév. 2,24.51Y,Fonderie de fonte,Unique
24.52Z,Fonderie d'acier,tout le contenu de la sous-classe NAF rév. 2,24.52Y,Fonderie d’acier,Unique
24.53Z,Fonderie de métaux légers,"- les activités des fonderies de métaux légers - la fabrication de pièces en fonte d'aluminium - la fabrication de pièces en fonte de magnésium - la fabrication de pièces en fonte de titane - la fonte d'instruments dentaires, etc., en métaux légers",24.53Y,Fonderie de métaux légers,Multiple
24.53Z,Fonderie de métaux légers,- la fabrication de pièces moulées en zinc,24.54Y,Fonderie d’autres métaux non ferreux,Multiple
24.54Z,Fonderie d'autres métaux non ferreux,tout le contenu de la sous-classe NAF rév. 2,24.54Y,Fonderie d’autres métaux non ferreux,Unique
25.11Z,Fabrication de structures métalliques et de parties de structures,tout le contenu de la sous-classe NAF rév. 2,25.11Y,Fabrication de structures métalliques et de parties de structures,Unique
25.12Z,Fabrication de portes et fenêtres en métal,tout le contenu de la sous-classe NAF rév. 2,25.12Y,Fabrication de portes et fenêtres en métal,Unique
25.21Z,Fabrication de radiateurs et de chaudières pour le chauffage central,"- la fabrication de radiateurs pour le chauffage central, à chauffage non électrique - la fabrication de réacteurs nucléaires, à l'exception des séparateurs d'isotopes - la fabrication de chaudières marines ou de chaudières électriques",25.21Y,Fabrication de radiateurs et de chaudières pour le chauffage central,Multiple
25.21Z,Fabrication de radiateurs et de chaudières pour le chauffage central,- la fabrication de chaudières de chauffage central,28.21Y,Fabrication de fours et brûleurs et d’équipements fixes de chauffage domestique,Multiple
25.29Z,"Fabrication d'autres réservoirs, citernes et conteneurs métalliques",tout le contenu de la sous-classe NAF rév. 2,25.22Y,"Fabrication d’autres réservoirs, citernes et conteneurs métalliques",Unique
25.30Z,"Fabrication de générateurs de vapeur, à l'exception des chaudières pour le chauffage central",tout le contenu de la sous-classe NAF rév. 2,25.21Y,Fabrication de radiateurs et de chaudières pour le chauffage central,Unique
25.40Z,Fabrication d'armes et de munitions,tout le contenu de la sous-classe NAF rév. 2,25.30Y,Fabrication d’armes et de munitions,Unique
25.50A,"Forge, estampage, matriçage ; métallurgie des poudres",tout le contenu de la sous-classe NAF rév. 2,25.40Y,Forgeage et façonnage de métal ; métallurgie des poudres,Unique
25.50B,"Découpage, emboutissage",tout le contenu de la sous-classe NAF rév. 2,25.40Y,Forgeage et façonnage de métal ; métallurgie des poudres,Unique
25.61Z,Traitement et revêtement des métaux,- le revêtement des métaux,25.51Y,Revêtement des métaux,Multiple
25.61Z,Traitement et revêtement des métaux,- le traitement thermique des métaux,25.52Y,Traitement thermique des métaux,Multiple
25.61Z,Traitement et revêtement des métaux,"- l'ébavurage, le sablage, le tambourinage, le polissage et la gravure des métaux",25.53Y,Usinage des métaux,Multiple
25.62A,Décolletage,tout le contenu de la sous-classe NAF rév. 2,25.53Y,Usinage des métaux,Unique
25.62B,Mécanique industrielle,tout le contenu de la sous-classe NAF rév. 2,25.53Y,Usinage des métaux,Unique
25.71Z,Fabrication de coutellerie,tout le contenu de la sous-classe NAF rév. 2,25.61Y,Fabrication de coutellerie,Unique
25.72Z,Fabrication de serrures et de ferrures,tout le contenu de la sous-classe NAF rév. 2,25.62Y,Fabrication de serrures et de ferrures,Unique
25.73A,Fabrication de moules et modèles,tout le contenu de la sous-classe NAF rév. 2,25.63Y,Fabrication d’outillage,Unique
25.73B,Fabrication d'autres outillages,tout le contenu de la sous-classe NAF rév. 2,25.63Y,Fabrication d’outillage,Unique
25.91Z,Fabrication de fûts et emballages métalliques similaires,tout le contenu de la sous-classe NAF rév. 2,25.91Y,Fabrication de fûts et emballages métalliques similaires,Unique
25.92Z,Fabrication d'emballages métalliques légers,tout le contenu de la sous-classe NAF rév. 2,25.92Y,Fabrication d’emballages métalliques légers,Unique
25.93Z,"Fabrication d'articles en fils métalliques, de chaînes et de ressorts",tout le contenu de la sous-classe NAF rév. 2,25.93Y,"Fabrication d’articles en fils métalliques, de chaînes et de ressorts",Unique
25.94Z,Fabrication de vis et de boulons,tout le contenu de la sous-classe NAF rév. 2,25.94Y,Fabrication de vis et de boulons,Unique
25.99A,Fabrication d'articles métalliques ménagers,tout le contenu de la sous-classe NAF rév. 2,25.99Y,Fabrication d’autres produits métalliques n.c.a.,Unique
25.99B,Fabrication d'autres articles métalliques,tout le contenu de la sous-classe NAF rév. 2,25.99Y,Fabrication d’autres produits métalliques n.c.a.,Unique
26.11Z,Fabrication de composants électroniques,tout le contenu de la sous-classe NAF rév. 2,26.11Y,Fabrication de composants électroniques,Unique
26.12Z,Fabrication de cartes électroniques assemblées,tout le contenu de la sous-classe NAF rév. 2,26.12Y,Fabrication de cartes électroniques assemblées,Unique
26.20Z,Fabrication d'ordinateurs et d'équipements périphériques,"- la fabrication d'ordinateurs de bureau - la fabrication d'ordinateurs portables - la fabrication d'ordinateurs centraux - la fabrication d'ordinateurs de poche - la fabrication de lecteurs de disques magnétiques, de lecteurs flash et d'autres dispositifs de stockage - la fabrication de lecteurs de disques optiques pour ordinateurs - la fabrication d'imprimantes - la fabrication de moniteurs - la fabrication de claviers - la fabrication de tous les types de souris, de joysticks et d'accessoires pour trackballs - la fabrication de terminaux informatiques dédiés - la fabrication de serveurs informatiques - la fabrication de scanners, y compris les scanners de codes à barres - la fabrication de lecteurs de cartes à puce - la fabrication de projecteurs informatiques (vidéoprojecteurs) - la fabrication de terminaux informatiques, tels que les distributeurs automatiques de billets (DAB) et les terminaux de point de vente (TPV), non actionnés mécaniquement - la fabrication d'équipements de bureau multifonctions remplissant au moins deux des fonctions suivantes, par exemple l'impression, la numérisation, la copie, la télécopie - la recharge de cartouches d'encre",26.20Y,Fabrication d’ordinateurs et d’équipements périphériques,Multiple
26.20Z,Fabrication d'ordinateurs et d'équipements périphériques,- la fabrication de casques de réalité virtuelle,26.40Y,Fabrication de produits électroniques grand public,Multiple
26.30Z,Fabrication d'équipements de communication,"- la fabrication d'équipements de commutation de bureau central - la fabrication de téléphones sans fil - la fabrication d'équipements d'autocommutateur privé (PBX) - la fabrication d'équipements téléphoniques et de télécopie, y compris les répondeurs téléphoniques - la fabrication d'équipements de communication de données, tels que les ponts, les routeurs et les passerelles - la fabrication d'antennes d'émission et de réception - la fabrication d'équipements de télévision par câble - la fabrication de téléavertisseurs - la fabrication de téléphones mobiles - la fabrication d'équipements de communication mobile - la fabrication de matériel de studio et de diffusion pour la radio et la télévision, y compris les caméras de télévision - la fabrication de modems, d'équipements porteurs - la fabrication d'émetteurs de radio et de télévision - la fabrication de dispositifs de communication utilisant un signal infrarouge (par exemple, les télécommandes) - la fabrication de montres intelligentes",26.30Y,Fabrication d’équipements de communication,Multiple
26.30Z,Fabrication d'équipements de communication,"- la fabrication de systèmes d'alarme contre le vol et l'incendie, envoyant des signaux à une station de contrôle",26.51Y,"Fabrication d’instruments et d’appareils de mesure, d’essai et de navigation",Multiple
26.40Z,Fabrication de produits électroniques grand public,tout le contenu de la sous-classe NAF rév. 2,26.40Y,Fabrication de produits électroniques grand public,Unique
26.51A,Fabrication d'équipements d'aide à la navigation,tout le contenu de la sous-classe NAF rév. 2,26.51Y,"Fabrication d’instruments et d’appareils de mesure, d’essai et de navigation",Unique
26.51B,Fabrication d'instrumentation scientifique et technique,tout le contenu de la sous-classe NAF rév. 2,26.51Y,"Fabrication d’instruments et d’appareils de mesure, d’essai et de navigation",Unique
26.52Z,Horlogerie,tout le contenu de la sous-classe NAF rév. 2,26.52Y,Horlogerie,Unique
26.60Z,"Fabrication d'équipements d'irradiation médicale, d'équipements électromédicaux et électrothérapeutiques",tout le contenu de la sous-classe NAF rév. 2,26.60Y,"Fabrication d’équipements d’irradiation médicale, d’équipements électromédicaux et électrothérapeutiques",Unique
26.70Z,Fabrication de matériels optique et photographique,tout le contenu de la sous-classe NAF rév. 2,26.70Y,Fabrication de matériels optique et photographique et de supports magnétiques et optiques,Unique
26.80Z,Fabrication de supports magnétiques et optiques,tout le contenu de la sous-classe NAF rév. 2,26.70Y,Fabrication de matériels optique et photographique et de supports magnétiques et optiques,Unique
27.11Z,"Fabrication de moteurs, génératrices et transformateurs électriques","- la fabrication de moteurs électriques, sauf pour les véhicules à moteur - la fabrication de transformateurs de distribution électriques - la fabrication de transformateurs pour le soudage à l'arc - la fabrication de ballasts pour lampes ou tubes à décharge (c'est-à-dire de transformateurs) - la fabrication de transformateurs de sous-station pour la distribution de l'énergie électrique - la fabrication de régulateurs de tension de transmission et de distribution - la fabrication d'onduleurs, de redresseurs et de convertisseurs - la fabrication d'actionneurs linéaires électriques - la fabrication de générateurs de puissance (à l'exception des alternateurs de charge de batterie pour les moteurs à combustion interne) - la fabrication de groupes électrogènes à moteur (à l'exception des groupes électrogènes à turbine) - le rebobinage d'induits en usine - la fabrication de générateurs solaires pouvant être utilisés directement pour alimenter, par exemple, un moteur ou un électrolyseur",27.11Y,"Fabrication de moteurs, génératrices et transformateurs électriques",Multiple
27.11Z,"Fabrication de moteurs, génératrices et transformateurs électriques","- la fabrication de moteurs pour véhicules automobiles, y compris les moteurs électriques",29.10Y,Construction de véhicules automobiles,Multiple
27.12Z,Fabrication de matériel de distribution et de commande électrique,- la fabrication de groupes électrogènes de puissance (à l'exception des groupes électrogènes à turbine),27.11Y,"Fabrication de moteurs, génératrices et transformateurs électriques",Multiple
27.12Z,Fabrication de matériel de distribution et de commande électrique,"- la fabrication de disjoncteurs de puissance - la fabrication de parasurtenseurs (pour la tension au niveau de la distribution) - la fabrication de tableaux de commande pour la distribution de l'énergie électrique - la fabrication de relais électriques - la fabrication de gaines pour tableaux électriques - la fabrication de fusibles électriques - la fabrication de matériel de commutation de puissance - la fabrication d'interrupteurs électriques (à l'exception des interrupteurs à bouton-poussoir, à bouton-pression, à solénoïde et à culbuteur)",27.12Y,Fabrication de matériel de distribution et de commande électrique,Multiple
27.20Z,Fabrication de piles et d'accumulateurs électriques,tout le contenu de la sous-classe NAF rév. 2,27.20Y,Fabrication de piles et d’accumulateurs électriques,Unique
27.31Z,Fabrication de câbles de fibres optiques,tout le contenu de la sous-classe NAF rév. 2,27.31Y,Fabrication de câbles de fibres optiques,Unique
27.32Z,Fabrication d'autres fils et câbles électroniques ou électriques,tout le contenu de la sous-classe NAF rév. 2,27.32Y,Fabrication d’autres fils et câbles électroniques ou électriques,Unique
27.33Z,Fabrication de matériel d'installation électrique,tout le contenu de la sous-classe NAF rév. 2,27.33Y,Fabrication de matériel d’installation électrique,Unique
27.40Z,Fabrication d'appareils d'éclairage électrique,tout le contenu de la sous-classe NAF rév. 2,27.40Y,Fabrication d’appareils d’éclairage,Unique
27.51Z,Fabrication d'appareils électroménagers,tout le contenu de la sous-classe NAF rév. 2,27.51Y,Fabrication d’appareils électroménagers,Unique
27.52Z,Fabrication d'appareils ménagers non électriques,tout le contenu de la sous-classe NAF rév. 2,27.52Y,Fabrication d’appareils ménagers non électriques,Unique
27.90Z,Fabrication d'autres matériels électriques,"- la fabrication d'onduleurs et d'appareils de redressement à semi-conducteurs - la fabrication d'onduleurs, de redresseurs et de convertisseurs",27.11Y,"Fabrication de moteurs, génératrices et transformateurs électriques",Multiple
27.90Z,Fabrication d'autres matériels électriques,"- la fabrication de matériel électrique divers autre que les moteurs, les générateurs et les transformateurs, les piles et les accumulateurs, les fils et les dispositifs de câblage, le matériel d'éclairage ou les appareils ménagers - la fabrication de chargeurs de batterie à semi-conducteurs - la fabrication de dispositifs d'ouverture et de fermeture de portes, électriques - la fabrication de cloches électriques - la fabrication de rallonges électriques à partir de fils isolés achetés - la fabrication d'appareils de nettoyage à ultrasons (à l'exception des appareils de laboratoire et des appareils dentaires) - la fabrication de lits de bronzage - la fabrication de piles à combustible, d'alimentations électriques régulées et non régulées - la fabrication d'alimentations sans coupure (UPS) - la fabrication de parasurtenseurs (sauf pour la tension de distribution) - la fabrication de cordons d'appareils, de rallonges et d'autres ensembles de cordons électriques avec fils isolés et connecteurs - la fabrication d'électrodes, de contacts et d'autres produits électriques en carbone et en graphite - la fabrication d'accélérateurs de particules - la fabrication de condensateurs électriques, de résistances, de condensateurs et de composants similaires - la fabrication d'électro-aimants - la fabrication de sirènes - la fabrication de tableaux d'affichage électroniques - la fabrication d'enseignes électriques - la fabrication d'équipements de signalisation électrique tels que les feux de circulation et les équipements de signalisation pour piétons - la fabrication d'isolateurs électriques (à l'exception du verre ou de la porcelaine) - la fabrication de matériel électrique de soudage et de brasage, y compris les fers à souder portatifs - la fabrication de chargeurs embarqués pour véhicules automobiles - la fabrication de câbles assemblés, munis de connecteurs - la fabrication d'installations de recharge pour voitures",27.90Y,Fabrication d’autres matériels électriques,Multiple
27.90Z,Fabrication d'autres matériels électriques,- la fabrication de modules d'onduleurs et de piles à combustible pour les voitures,29.31Y,Fabrication d’équipements électriques et électroniques automobiles,Multiple
27.90Z,Fabrication d'autres matériels électriques,- la fabrication de cigarettes électroniques (vapes),32.99Y,Autres activités manufacturières n.c.a.,Multiple
28.11Z,"Fabrication de moteurs et turbines, à l'exception des moteurs d’avions et de véhicules","- la fabrication de moteurs à piston à combustion interne, à l'exception des moteurs pour véhicules automobiles, pour avions et pour cycles : • moteurs marins • moteurs ferroviaires - la fabrication de pièces pouvant être utilisées uniquement ou principalement avec des moteurs à combustion interne, par exemple pistons, segments de piston, carburateurs et autres pour les moteurs à combustion interne, les moteurs diesel, à l'exception des véhicules à moteur - la fabrication de soupapes d'admission et d'échappement pour les moteurs à combustion interne - la fabrication de turbines et de leurs pièces : • turbines à vapeur et autres turbines à vapeur • turbines hydrauliques, roues à aubes et leurs régulateurs • turbines et moulins à vent • turbines à gaz, à l'exception des turboréacteurs et des turbopropulseurs pour la propulsion des avions - la fabrication d'ensembles chaudière-turbine - la fabrication de groupes turbines-générateurs, composés d'une turbine et d'un générateur montés ensemble - la fabrication de moteurs à usage industriel - la révision en usine de moteurs de navires et de bateaux",28.11Y,"Fabrication de moteurs et turbines, à l’exception des moteurs d’avions et de véhicules",Multiple
28.11Z,"Fabrication de moteurs et turbines, à l'exception des moteurs d’avions et de véhicules","- la fabrication de pistons, de segments de piston et de carburateurs pour véhicules automobiles",29.32Y,Fabrication d’autres équipements automobiles,Multiple
28.11Z,"Fabrication de moteurs et turbines, à l'exception des moteurs d’avions et de véhicules","- la fabrication de pistons, de segments de piston et de carburateurs pour motocycles",30.91Y,Fabrication de motocycles,Multiple
28.12Z,Fabrication d'équipements hydrauliques et pneumatiques,tout le contenu de la sous-classe NAF rév. 2,28.12Y,Fabrication d’équipements de transmission de puissance hydrauliques et pneumatiques,Unique
28.13Z,Fabrication d'autres pompes et compresseurs,- la fabrication d'autres pompes,28.13G,Fabrication d'autres pompes,Multiple
28.13Z,Fabrication d'autres pompes et compresseurs,- la fabrication d'autres compresseurs,28.13H,Fabrication d'autres compresseurs,Multiple
28.14Z,Fabrication d'autres articles de robinetterie,tout le contenu de la sous-classe NAF rév. 2,28.14Y,Fabrication d’autres articles de robinetterie,Unique
28.15Z,Fabrication d'engrenages et d'organes mécaniques de transmission,tout le contenu de la sous-classe NAF rév. 2,28.15Y,Fabrication de roulements et de transmissions mécaniques,Unique
28.21Z,Fabrication de fours et brûleurs,"- la fabrication de fours électriques et d'autres fours industriels et de laboratoire, y compris les incinérateurs - la fabrication de brûleurs pour fours - la fabrication de chauffe-eau solaires et d'équipements similaires - la fabrication d'équipements domestiques de refroidissement et de ventilation - la fabrication de fourneaux mécaniques, de grilles, d'évacuateurs de cendres, etc. - la fabrication de pompes à chaleur généralement non réversibles (ne fonctionnant que dans un sens), principalement utilisées pour le chauffage des locaux ou pour la production d'eau chaude sanitaire",28.21Y,Fabrication de fours et brûleurs et d’équipements fixes de chauffage domestique,Multiple
28.21Z,Fabrication de fours et brûleurs,- la fabrication de pompes à chaleur réversibles dotées d'un ventilateur motorisé et de dispositifs permettant de modifier la température et l'humidité de l'air,28.25Y,Fabrication d’équipements aérauliques et frigorifiques industriels,Multiple
28.22Z,Fabrication de matériel de levage et de manutention,tout le contenu de la sous-classe NAF rév. 2,28.22Y,Fabrication de matériel de levage et de manutention,Unique
28.23Z,Fabrication de machines et d'équipements de bureau (à l'exception des ordinateurs et équipements périphériques),- la fabrication de cartouches de toner,26.20Y,Fabrication d’ordinateurs et d’équipements périphériques,Multiple
28.23Z,Fabrication de machines et d'équipements de bureau (à l'exception des ordinateurs et équipements périphériques),"- la fabrication de machines à calculer - la fabrication de caisses enregistreuses - la fabrication de calculatrices - la fabrication de machines à affranchir, de machines à traiter le courrier (machines à mettre sous enveloppe, à cacheter et à adresser ; machines à ouvrir, à trier, à scanner) - la fabrication de machines à écrire et de machines à sténographier - la fabrication de matériel de reliure de bureau (par exemple, reliure plastique ou à bande) - la fabrication de machines à trier, à compter et à emballer les pièces de monnaie - la fabrication de machines à tailler les crayons - la fabrication de machines à agrafer - la fabrication de machines à voter - la fabrication de distributeurs de ruban adhésif - la fabrication de perforateurs - la fabrication de photocopieuses - la fabrication de tableaux noirs, de tableaux blancs et de tableaux de marquage avec surfaces d'écriture ou de dessin - la fabrication de machines à dicter",28.23Y,Fabrication de machines et d’équipements de bureau (à l’exception des ordinateurs et équipements périphériques),Multiple
28.24Z,Fabrication d'outillage portatif à moteur incorporé,tout le contenu de la sous-classe NAF rév. 2,28.24Y,Fabrication d’outillage portatif à moteur incorporé,Unique
28.25Z,Fabrication d'équipements aérauliques et frigorifiques industriels,"- la fabrication de matériel de réfrigération ou de congélation à usage non domestique - la fabrication de machines de conditionnement d'air, sauf pour véhicules à moteur - la fabrication de ventilateurs à usage non domestique - la fabrication d'unités d'échange de chaleur - la fabrication de machines à liquéfier l'air ou d'autres gaz - la fabrication de ventilateurs de grenier, par exemple de ventilateurs de pignon, de ventilateurs de toit - la fabrication d'évaporateurs et de condenseurs pour réfrigérateurs non domestiques",28.25Y,Fabrication d’équipements aérauliques et frigorifiques industriels,Multiple
28.25Z,Fabrication d'équipements aérauliques et frigorifiques industriels,- la fabrication de climatiseurs pour véhicules automobiles,29.32Y,Fabrication d’autres équipements automobiles,Multiple
28.29A,"Fabrication d'équipements d'emballage, de conditionnement et de pesage",tout le contenu de la sous-classe NAF rév. 2,28.29Y,Fabrication de machines diverses d’usage général,Unique
28.29B,Fabrication d'autres machines d'usage général,"à l’exception de la fabrication de machines pour la filtration ou la purification des boissons, tout le contenu de la sous-classe NAF rév. 2",28.29Y,Fabrication de machines diverses d’usage général,Multiple
28.29B,Fabrication d'autres machines d'usage général,- la fabrication de machines pour la filtration ou la purification des boissons,28.93Y,Fabrication de machines pour l’industrie agro-alimentaire,Multiple
28.30Z,Fabrication de machines agricoles et forestières,tout le contenu de la sous-classe NAF rév. 2,28.30Y,Fabrication de machines agricoles et forestières,Unique
28.41Z,Fabrication de machines-outils pour le travail des métaux,"à l’exception de la fabrication additive par dépôt de métal, tout le contenu de la sous-classe NAF rév. 2",28.41Y,Fabrication de machines-outils pour le formage et le travail des métaux,Multiple
28.41Z,Fabrication de machines-outils pour le travail des métaux,- la fabrication additive par dépôt de métal,28.97Y,Fabrication de machines de fabrication additive,Multiple
28.49Z,Fabrication d'autres machines-outils,- la fabrication de machines de galvanoplastie,27.90Y,Fabrication d’autres matériels électriques,Multiple
28.49Z,Fabrication d'autres machines-outils,"- la fabrication de machines à limer, de riveteuses, de coupeuses de tôle",28.41Y,Fabrication de machines-outils pour le formage et le travail des métaux,Multiple
28.49Z,Fabrication d'autres machines-outils,"- la fabrication de machines-outils pour le travail du bois, du liège, de l'os, de la pierre, du caoutchouc dur, du plastique dur, de la céramique, du béton, du verre froid ou de matériaux non métalliques durs similaires - la fabrication de porte-pièces pour machines-outils - la fabrication de têtes de division et d'autres accessoires spéciaux pour machines-outils - la fabrication de machines fixes à clouer, agrafer, coller ou assembler de toute autre manière du bois, du liège, des os, du caoutchouc dur ou des matières plastiques, etc. - la fabrication de perceuses stationnaires rotatives ou à percussion rotative, etc. - la fabrication de presses pour la fabrication de panneaux de particules, etc.",28.42Y,Fabrication d’autres machines-outils,Multiple
28.91Z,Fabrication de machines pour la métallurgie,tout le contenu de la sous-classe NAF rév. 2,28.91Y,Fabrication de machines pour la métallurgie,Unique
28.92Z,Fabrication de machines pour l'extraction ou la construction,- la fabrication de tracteurs de pose de voies,28.30Y,Fabrication de machines agricoles et forestières,Multiple
28.92Z,Fabrication de machines pour l'extraction ou la construction,"- la fabrication d'ascenseurs et de transporteurs de marchandises et de matériaux à action continue, destinés à être utilisés sous terre - la fabrication de machines de forage, de découpage ou de fonçage pour l'excavation de la terre ou l'extraction de minéraux ou de minerais ou de coupeuses de charbon ou de roches et de machines pour le creusement de tunnels - la fabrication de machines pour le traitement des minéraux par criblage, triage, séparation, lavage, concassage, broyage, mélange ou malaxage de terre, de pierre, de minerais ou d'autres substances minérales, sous forme solide (y compris sous forme de poudre ou de pâte) - la fabrication de mélangeurs de béton et de mortier - la fabrication d'engins de terrassement : • bulldozers, bouteurs d'angle, niveleuses, décapeuses, niveleuses, pelles mécaniques, chargeuses-pelleteuses, etc. - la fabrication d'enfonceurs et d'arracheurs de pieux, d'épandeurs de mortier, d'épandeurs de bitume, de machines pour le revêtement du béton, etc. - la fabrication de machines à mélanger des substances minérales au bitume - la fabrication d’excavateurs à chenilles - la fabrication de lames de bulldozers et de bouteurs d'angle - la fabrication de camions à benne basculante tout-terrain - la fabrication de lames de déneigement et de fraises à neige",28.92Y,Fabrication de machines pour l’extraction ou la construction,Multiple
28.93Z,Fabrication de machines pour l'industrie agro-alimentaire,tout le contenu de la sous-classe NAF rév. 2,28.93Y,Fabrication de machines pour l’industrie agro-alimentaire,Unique
28.94Z,Fabrication de machines pour les industries textiles,tout le contenu de la sous-classe NAF rév. 2,28.94Y,Fabrication de machines pour les industries textiles et du cuir,Unique
28.95Z,Fabrication de machines pour les industries du papier et du carton,"à l’exception de la fabrication additive par dépôt de papier ou carton, tout le contenu de la sous-classe NAF rév. 2",28.95Y,Fabrication de machines pour les industries du papier et du carton,Multiple
28.95Z,Fabrication de machines pour les industries du papier et du carton,- la fabrication additive par dépôt de papier ou carton,28.97Y,Fabrication de machines de fabrication additive,Multiple
28.96Z,Fabrication de machines pour le travail du caoutchouc ou des plastiques,"- la fabrication de machines pour le travail du caoutchouc souple ou des matières plastiques ou pour la fabrication de produits en ces matières : • extrudeuses, moulurières, machines à fabriquer ou à rechaper les pneumatiques et autres machines pour la fabrication d'un produit spécifique en caoutchouc ou en matière plastique",28.96Y,Fabrication de machines pour le travail du caoutchouc ou des plastiques,Multiple
28.96Z,Fabrication de machines pour le travail du caoutchouc ou des plastiques,- la fabrication de machines pour la fabrication additive par dépôt de matières plastiques ou de caoutchouc,28.97Y,Fabrication de machines de fabrication additive,Multiple
28.99A,Fabrication de machines d'imprimerie,tout le contenu de la sous-classe NAF rév. 2,28.99Y,Fabrication d’autres machines d’usage spécifique n.c.a.,Unique
28.99B,Fabrication d'autres machines spécialisées,"- la fabrication de machines pour la fabrication additive par métal, plastique, caoutchouc, plâtre, ciment, dépôt céramique, carton, etc.",28.97Y,Fabrication de machines de fabrication additive,Multiple
28.99B,Fabrication d'autres machines spécialisées,"à l’exception de la fabrication de machines de fabrication additive, tout le contenu de la sous-classe NAF rév. 2, à savoir : - la fabrication de séchoirs pour le bois, la pâte à papier, le papier ou le carton et d'autres matériaux (à l'exception des produits agricoles et des textiles) - la fabrication de machines pour la production de tuiles, de briques, de pâtes céramiques façonnées, de tuyaux, d'électrodes en graphite, de craies pour tableaux noirs, etc. - la fabrication de machines pour la fabrication de semi-conducteurs - la fabrication de machines à former des moules de fonderie - la fabrication de robots industriels exécutant des tâches multiples à des fins spéciales - la fabrication de machines et d'équipements divers à usage spécifique, par exemple • machines à assembler des lampes, des tubes (valves) ou des ampoules électriques ou électroniques • machines pour la production ou le travail à chaud du verre ou de la verrerie, de la fibre ou du fil de verre • machines ou appareils pour la séparation isotopique - la fabrication de matériel de réglage de la géométrie et d'équilibrage des pneus ; de matériel d'équilibrage (à l'exception de l'équilibrage des roues) - la fabrication de systèmes de graissage central - la fabrication d'appareils de lancement d'avions, de catapultes pour porte-avions et d'équipements connexes - la fabrication d'équipements automatiques pour salles de bowling, par exemple les machines à tirer les quilles - la fabrication de manèges, de balançoires, de stands de tir et d'autres attractions foraines - la fabrication de machines à comprimer les déchets - la fabrication de machines à plâtrer - la fabrication de tourniquets - la fabrication de systèmes d'enroulement utilisés pour enrouler ou relâcher le gréement courant",28.99Y,Fabrication d’autres machines d’usage spécifique n.c.a.,Multiple
29.10Z,Construction de véhicules automobiles,tout le contenu de la sous-classe NAF rév. 2,29.10Y,Construction de véhicules automobiles,Unique
29.20Z,Fabrication de carrosseries et remorques,tout le contenu de la sous-classe NAF rév. 2,29.20Y,Fabrication de carrosseries de véhicules automobiles ; fabrication de remorques et de semi-remorques,Unique
29.31Z,Fabrication d'équipements électriques et électroniques automobiles,tout le contenu de la sous-classe NAF rév. 2,29.31Y,Fabrication d’équipements électriques et électroniques automobiles,Unique
29.32Z,Fabrication d'autres équipements automobiles,tout le contenu de la sous-classe NAF rév. 2,29.32Y,Fabrication d’autres équipements automobiles,Unique
30.11Z,Construction de navires et de structures flottantes,"- la construction de navires commerciaux : • navires à passagers, ferry-boats, cargos, pétroliers, remorqueurs - la construction de navires de pêche, de navires-usines et d'autres navires destinés à la transformation ou à la conservation des produits de la pêche - la construction d'aéroglisseurs (à l'exception des aéroglisseurs de loisir) - la construction de plates-formes de forage, flottantes ou submersibles - la construction de structures flottantes, par exemple • quais flottants, pontons, batardeaux, débarcadères flottants, bouées, réservoirs flottants, barges, allèges, grues flottantes, radeaux gonflables non récréatifs, etc. - la fabrication de sections de navires et de structures flottantes - la fabrication de drones submersibles - la transformation en usine de navires - l’installation de l'intérieur technique de bateaux",30.11Y,Construction de navires et de structures flottantes civiles,Multiple
30.11Z,Construction de navires et de structures flottantes,"- la construction de navires et de bateaux militaires, tels que des navires de combat équipés de diverses armes offensives et défensives et de dispositifs de protection contre les bombardements, et la construction de structures militaires flottantes, par exemple : • porte-avions • navires de guerre et d'assaut amphibie • croiseurs • destroyers • sous-marins • bateaux de débarquement - la construction des remorqueurs pour le transport de munitions ou de mines - la transformation en usine de navires militaires, de bateaux et de structures flottantes",30.13Y,Construction de bateaux et navires militaires,Multiple
30.12Z,Construction de bateaux de plaisance,tout le contenu de la sous-classe NAF rév. 2,30.12Y,Construction de bateaux de plaisance,Unique
30.20Z,Construction de locomotives et d'autre matériel ferroviaire roulant,tout le contenu de la sous-classe NAF rév. 2,30.20Y,Construction de locomotives et d’autre matériel ferroviaire roulant,Unique
30.30Z,Construction aéronautique et spatiale,"- la fabrication d'avions pour le transport de marchandises ou de passagers, y compris à des fins récréatives et sportives - la fabrication d'hélicoptères - la fabrication de planeurs et de deltaplanes - la fabrication de dirigeables et de montgolfières - la fabrication de pièces et d'accessoires pour les aéronefs de cette classe : • grands ensembles tels que fuselages, ailes, portes, gouvernes, trains d'atterrissage, réservoirs de carburant, nacelles, etc. • vis à air, rotors d'hélicoptères et pales de rotors propulsés • moteurs d'avions civils • turboréacteurs et turbopropulseurs d'un type typiquement utilisé sur les aéronefs civils • pièces destinées à être utilisées uniquement ou principalement avec des moteurs à piston à combustion interne pour avions civils - la fabrication d'appareils d'entraînement au vol au sol - la fabrication de missiles à des fins spatiales et civiles - la fabrication d'engins spatiaux et de véhicules de lancement, de satellites, de sondes planétaires, de stations orbitales, de navettes - la fabrication d'aéronefs civils sans pilote (drones) - la révision et la transformation d'aéronefs civils ou de moteurs d'aéronefs - la fabrication de sièges d'avions civils",30.31Y,Construction aéronautique et spatiale civile,Multiple
30.30Z,Construction aéronautique et spatiale,"- fabrication d'aéronefs et d'engins spatiaux militaires et de machines connexes, par exemple : • aéronefs à voilure fixe • aéronefs à rotors basculants • aéronefs à voilure tournante • drones à usage militaire (véhicules aériens sans pilote (UAV)) • révision et reconstruction en usine de véhicules de combat militaires • fabrication de sièges d'avions militaires",30.32Y,Construction aéronautique et spatiale militaire,Multiple
30.40Z,Construction de véhicules militaires de combat,"tout le contenu de la sous-classe NAF rév. 2, à savoir : - la fabrication de véhicules militaires de combat, équipés ou non d'armes, et de parties de ces véhicules, par exemple : • fabrication de chars d'assaut • fabrication de véhicules blindés de combat pour le transport de personnes • fabrication de véhicules blindés de ravitaillement ou de dépannage avec grue • fabrication de véhicules militaires amphibies blindés • fabrication de chars d'assaut télécommandés • fabrication de carrosseries de véhicules blindés de combat et de leurs parties, par exemple les tourelles blindées, les portes et les couvercles blindés • fabrication de plaques blindées identifiables comme faisant partie de véhicules militaires de combat • fabrication de chenilles spéciales, de roues spéciales et de roues motrices pour les véhicules blindés de combat • révision et reconstruction en usine de véhicules militaires de combat",30.40Y,Construction de véhicules militaires de combat,Unique
30.91Z,Fabrication de motocycles,"- la fabrication de motocycles et de cyclomoteurs - la fabrication de moteurs pour motocycles - la fabrication de side-cars pour motocycles - la fabrication de pièces et d'accessoires pour motocycles, par exemple freins, boîtes de vitesses, embrayages, roues de route, silencieux et tuyaux d'échappement, et de leurs parties",30.91Y,Fabrication de motocycles,Multiple
30.91Z,Fabrication de motocycles,- la fabrication de bicyclettes avec un moteur électrique auxiliaire,30.92Y,Fabrication de bicyclettes et de véhicules pour invalides,Multiple
30.92Z,Fabrication de bicyclettes et de véhicules pour invalides,tout le contenu de la sous-classe NAF rév. 2,30.92Y,Fabrication de bicyclettes et de véhicules pour invalides,Unique
30.99Z,Fabrication d’autres équipements de transport n.c.a.,tout le contenu de la sous-classe NAF rév. 2,30.99Y,Fabrication d’autres équipements de transport n.c.a.,Unique
31.01Z,Fabrication de meubles de bureau et de magasin,"- la fabrication de meubles de bureau pour professionnels, de meubles de magasin",31.00G,Fabrication de meubles à destination de professionnels,Multiple
31.01Z,Fabrication de meubles de bureau et de magasin,"- la fabrication de meubles de bureaux métalliques ou bois, et de sièges de bureaux, pour particuliers",31.00J,"Fabrication d'autres meubles domestiques, de sommiers et de matelas",Multiple
31.02Z,Fabrication de meubles de cuisine,- la fabrication de sièges de cuisine pour professionnels,31.00G,Fabrication de meubles à destination de professionnels,Multiple
31.02Z,Fabrication de meubles de cuisine,- la fabrication de meubles de cuisine (à l’exception des sièges de cuisine),31.00H,Fabrication de meubles de cuisine et salle de bain,Multiple
31.02Z,Fabrication de meubles de cuisine,- la fabrication de sièges de cuisine pour particuliers,31.00J,"Fabrication d'autres meubles domestiques, de sommiers et de matelas",Multiple
31.03Z,Fabrication de matelas,tout le contenu de la sous-classe NAF rév. 2,31.00J,"Fabrication d'autres meubles domestiques, de sommiers et de matelas",Unique
31.09A,Fabrication de sièges d'ameublement d'intérieur,"- la fabrication de fauteuils, canapés, canapés-lits, pour professionnels",31.00G,Fabrication de meubles à destination de professionnels,Multiple
31.09A,Fabrication de sièges d'ameublement d'intérieur,"- la fabrication de sièges d’ameublement d’intérieur tels que chaises, fauteuils, tabourets, pour particuliers - la fabrication de canapés, canapés-lits, pour particuliers",31.00J,"Fabrication d'autres meubles domestiques, de sommiers et de matelas",Multiple
31.09B,Fabrication d’autres meubles et industries connexes de l’ameublement,"- la fabrication d’autres meubles et industries connexes de l’ameublement, pour professionnels (à l’exception des meubles de salle de bain) : • fabrication de sièges de camping ou de jardin • fabrication de mobilier de jardin et de meubles des types utilisés dans les chambres à coucher, les salles à manger et de séjour, etc. • fabrication de meubles de machines à coudre, meubles-télévision, etc. • finissage des meubles par des opérations telles que l’aspersion, la pulvérisation, la mise en peinture, le vernissage au tampon et le rembourrage • garnissage de sièges",31.00G,Fabrication de meubles à destination de professionnels,Multiple
31.09B,Fabrication d’autres meubles et industries connexes de l’ameublement,- la fabrication de meubles de salle de bain et industries connexes de l’ameublement de salle de bains,31.00H,Fabrication de meubles de cuisine et salle de bain,Multiple
31.09B,Fabrication d’autres meubles et industries connexes de l’ameublement,"- la fabrication d’autres meubles et industries connexes de l’ameublement, pour particuliers (à l’exception des meubles de salle de bain) : • fabrication de sièges de camping ou de jardin • fabrication de mobilier de jardin et de meubles des types utilisés dans les chambres à coucher, les salles à manger et de séjour, etc. • fabrication de meubles de machines à coudre, meubles-télévision, etc. • finissage des meubles par des opérations telles que l’aspersion, la pulvérisation, la mise en peinture, le vernissage au tampon et le rembourrage • garnissage de sièges",31.00J,"Fabrication d'autres meubles domestiques, de sommiers et de matelas",Multiple
32.11Z,Frappe de monnaie,tout le contenu de la sous-classe NAF rév. 2,32.11Y,Frappe de monnaie,Unique
32.12Z,Fabrication d’articles de joaillerie et bijouterie,tout le contenu de la sous-classe NAF rév. 2,32.12Y,Fabrication d’articles de joaillerie et bijouterie,Unique
32.13Z,Fabrication d’articles de bijouterie fantaisie et articles similaires,tout le contenu de la sous-classe NAF rév. 2,32.13Y,Fabrication d’articles de bijouterie fantaisie et articles similaires,Unique
32.20Z,Fabrication d'instruments de musique,tout le contenu de la sous-classe NAF rév. 2,32.20Y,Fabrication d’instruments de musique,Unique
32.30Z,Fabrication d'articles de sport,"- la fabrication d'articles et d'équipements pour les sports, les jeux de plein air et les jeux d'intérieur, en toutes matières, par exemple : • balles dures, molles et gonflables • raquettes, battes et clubs • skis, fixations et bâtons • chaussures de ski, chaussures de snowboard et chaussures de ski de fond • planches à voile, planches de surf et skis nautiques • articles de pêche sportive, y compris épuisettes • appeaux et articles similaires pour la chasse ou le tir • articles et équipements pour l'alpinisme • gants de sport en cuir ou en cuir reconstitué • bassins pour la natation et les pataugeoires • patins à glace, patins à roulettes • arcs et arbalètes • équipements de gymnastique, de fitness ou d'athlétisme • poids métalliques utilisés pour l'haltérophilie",32.30Y,Fabrication d’articles de sport,Multiple
32.30Z,Fabrication d'articles de sport,- la fabrication de casques de sécurité pour le sport,32.99Y,Autres activités manufacturières n.c.a.,Multiple
32.40Z,Fabrication de jeux et jouets,tout le contenu de la sous-classe NAF rév. 2,32.40Y,Fabrication de jeux et jouets,Unique
32.50A,Fabrication de matériel médico-chirurgical et dentaire,- la fabrication d'appareils de respiration artificielle ou thérapeutique - la fabrication d'appareils électriques de vibromassage,26.60Y,"Fabrication d’équipements d’irradiation médicale, d’équipements électromédicaux et électrothérapeutiques",Multiple
32.50A,Fabrication de matériel médico-chirurgical et dentaire,"- la fabrication de draps chirurgicaux et de fils et tissus stériles - la fabrication d'obturations et de ciments dentaires (à l'exception des adhésifs pour prothèses dentaires), de cire dentaire et d'autres préparations pour plâtres dentaires - la fabrication de ciments de reconstruction osseuse - la fabrication de fours de laboratoire dentaire - la fabrication de machines de nettoyage à ultrasons pour laboratoires - la fabrication de stérilisateurs médicaux, chirurgicaux ou de laboratoire - la fabrication de centrifugeuses de laboratoire - la fabrication de mobilier médical, chirurgical, dentaire ou vétérinaire, par exemple • tables d'opération • tables d'examen • lits d'hôpitaux avec accessoires mécaniques • fauteuils de dentiste - la fabrication d'articles spécialement conçus pour être utilisés exclusivement dans des implants médicaux, chirurgicaux, dentaires ou vétérinaires, par exemple des plaques, qui restent en permanence dans le corps, par exemple pour remplacer une partie ou la totalité d'un os - la fabrication de seringues, d'aiguilles, de cathéters, de canules, etc. - la fabrication d'instruments et d'appareils dentaires - la fabrication de dents artificielles et d'accessoires dentaires - la fabrication d'appareils orthopédiques et prothétiques - la fabrication d'yeux en verre - la fabrication de thermomètres médicaux - la fabrication de chaussures orthopédiques sur mesure et de semelles orthopédiques spéciales pour la correction des affections orthopédiques",32.50Y,Fabrication d’instruments et de fournitures à usage médical et dentaire,Multiple
32.50B,Fabrication de lunettes,tout le contenu de la sous-classe NAF rév. 2,32.50Y,Fabrication d’instruments et de fournitures à usage médical et dentaire,Unique
32.91Z,Fabrication d’articles de brosserie,tout le contenu de la sous-classe NAF rév. 2,32.91Y,Fabrication d’articles de brosserie,Unique
32.99Z,Autres activités manufacturières n.c.a.,"- la fabrication de masques de protection individuels, par exemple FFP2, FFP3, masques chirurgicaux",32.50Y,Fabrication d’instruments et de fournitures à usage médical et dentaire,Multiple
32.99Z,Autres activités manufacturières n.c.a.,"- la fabrication d'équipements de protection et de sécurité, par exemple : • ceintures de sécurité pour monteurs de lignes et autres ceintures à usage professionnel • gilets de sauvetage en liège • casques de sécurité et autres équipements de sécurité personnelle (par exemple, écrans faciaux/visières de protection en plastique, tels que casques de sport) • vêtements résistant à la lutte contre l'incendie • casques de sécurité en métal et autres dispositifs de sécurité personnelle en métal • bouchons d'oreille et bouchons anti-bruit, par exemple pour la natation et la protection contre le bruit • masques à gaz • vêtements et accessoires de protection contre les risques biologiques • gilets pare-balles • combinaisons et accessoires pour salles blanches - la fabrication de stylos et de crayons de toutes sortes, mécaniques ou non - la fabrication de mines de crayons - la fabrication de timbres à date, à cacheter ou à numéroter, de dispositifs manuels d'impression ou de gaufrage d'étiquettes, de jeux d'impression manuelle, de rubans préparés pour machines à écrire et de tampons encreurs - la fabrication de globes - la fabrication de parapluies, de parasols, de cannes, de bâtons de siège - la fabrication de boutons, de fermetures à pression, de boutons-pression, de boutons-pression, de fermetures à glissière - la fabrication de briquets à cigarettes et d'autres briquets - la fabrication d'articles à usage personnel, par exemple : les pipes à fumer, les vaporisateurs de parfum, les flacons à vide et autres récipients à vide à usage personnel ou domestique, les perruques, les fausses barbes, les sourcils - la fabrication d'articles divers, par exemple : bougies, chandelles et articles similaires ; fleurs, fruits et feuillages artificiels ; farces et attrapes ; tamis et cribles à main ; mannequins de tailleurs ; cercueils d'enterrement - la fabrication de paniers, bouquets, couronnes de fleurs et articles similaires - les activités de taxidermie - la fabrication de modèles réduits destinés à la démonstration",32.99Y,Autres activités manufacturières n.c.a.,Multiple
33.11Z,Réparation d'ouvrages en métaux,- les activités de réparation et d'entretien de cages à poissons,03.30Y,Activités de soutien à la pêche et l’aquaculture,Multiple
33.11Z,Réparation d'ouvrages en métaux,"- la réparation de cuves, réservoirs et conteneurs en métal - la réparation et entretien de tuyaux et de canalisations - la réparation mobile par soudage - la réparation de fûts d'expédition en acier - la réparation et entretien de générateurs de vapeur ou d'autres générateurs de vapeur - la réparation et entretien d'installations auxiliaires destinées à être utilisées avec des générateurs de vapeur : • condenseurs, économiseurs, surchauffeurs, collecteurs de vapeur et accumulateurs - la réparation et l'entretien de réacteurs nucléaires, à l'exception des séparateurs d'isotopes - la réparation et l'entretien de pièces pour chaudières marines ou électriques - la réparation de chaudières et de radiateurs de chauffage central par tôlerie - la réparation et l'entretien d'armes à feu et de munitions, y compris la réparation d'armes de sport et de loisir",33.11Y,Réparation et entretien d’ouvrages en métaux,Multiple
33.11Z,Réparation d'ouvrages en métaux,- la réparation et l'entretien des chariots de supermarché,33.17Y,Réparation et entretien d’autres équipements de transport civils,Multiple
33.11Z,Réparation d'ouvrages en métaux,- la réparation et entretien des véhicules militaires de combat - la réparation et entretien de moteurs pour véhicules militaires de combat,33.18H,"Réparation et entretien de véhicules de combat, de navires et de bateaux militaires",Multiple
33.12Z,Réparation de machines et équipements mécaniques,"- la réparation et l’entretien de machines et d'équipements industriels et commerciaux, par exemple l'affûtage ou l'installation de lames et de scies ; la fourniture de services de réparation de soudure (par exemple pour automobile, ou plus général) ; la réparation de machines et d'équipements agricoles et d'autres machines et équipements lourds et industriels (par exemple chariots élévateurs à fourche et autres équipements de manutention, machines-outils, équipements de réfrigération commerciale, équipements de construction et machines minières), y compris les machines et les équipements de la division 28 - la réparation et l'entretien de moteurs, à l'exception des véhicules à moteur, des navires, des bateaux et des aéronefs - la réparation et l'entretien de moteurs de chemin de fer - la réparation et l'entretien de pompes, de compresseurs et d'équipements connexes - la réparation et l'entretien de machines à fluides - la réparation de soupapes - la réparation d'engrenages et d'éléments d'entraînement - la réparation et l’entretien de fours industriels - la réparation et l’entretien d'équipements de levage et de manutention - la réparation et l’entretien d'équipements de réfrigération industrielle et de purification de l'air - la réparation et l'entretien de machines polyvalentes de type commercial - la réparation d'outils manuels à moteur - la réparation et l'entretien de machines-outils et d'accessoires pour la coupe et le formage des métaux - la réparation et l’entretien d'autres machines-outils - la réparation et l’entretien de tracteurs agricoles - la réparation et entretien de machines agricoles et de machines forestières et d'exploitation forestière - la réparation et entretien de machines métallurgiques - la réparation et entretien de machines pour l'extraction minière, la construction et l'exploitation pétrolière et gazière - la réparation et l'entretien de machines pour la transformation des aliments, des boissons et du tabac - la réparation et l'entretien de machines pour la production de textiles, de vêtements et de cuir - la réparation et l'entretien de machines pour la fabrication du papier - la réparation et l'entretien de machines pour le plastique et le caoutchouc - la réparation et l'entretien d'autres machines à usage spécifique de la division 28 - la réparation et entretien de matériel de pesage - la réparation et entretien de distributeurs automatiques - la réparation et l'entretien de caisses enregistreuses - la réparation et l'entretien de photocopieuses - la réparation de calculatrices, électroniques ou non - la réparation de machines à écrire",33.12Y,Réparation et entretien de machines,Multiple
33.12Z,Réparation de machines et équipements mécaniques,"- la réparation et l'entretien des moteurs civils de navires et d'embarcations, y compris les moteurs hors-bord électriques",33.15Y,Réparation et entretien de bateaux et navires civils,Multiple
33.12Z,Réparation de machines et équipements mécaniques,- la réparation et entretien d’aéronefs et d’engins spatiaux militaires,33.18G,Réparation et entretien d’aéronefs et d’engins spatiaux militaires,Multiple
33.12Z,Réparation de machines et équipements mécaniques,"- la réparation et entretien de véhicules de combat, de navires et de bateaux militaires",33.18H,"Réparation et entretien de véhicules de combat, de navires et de bateaux militaires",Multiple
33.13Z,Réparation de matériels électroniques et optiques,tout le contenu de la sous-classe NAF rév. 2,33.13Y,Réparation et entretien de matériels électroniques et optiques,Unique
33.14Z,Réparation d'équipements électriques,tout le contenu de la sous-classe NAF rév. 2,33.14Y,Réparation et entretien d’équipements électriques,Unique
33.15Z,Réparation et maintenance navale,- la réparation et l’entretien courant de navires civils - la réparation et l'entretien des bateaux de plaisance - la réparation et l’entretien de structures flottantes,33.15Y,Réparation et entretien de bateaux et navires civils,Multiple
33.15Z,Réparation et maintenance navale,"- la réparation et l’entretien de navires militaires, de bateaux militaires et de structures flottantes militaires",33.18H,"Réparation et entretien de véhicules de combat, de navires et de bateaux militaires",Multiple
33.16Z,Réparation et maintenance d'aéronefs et d'engins spatiaux,"- la réparation et l’entretien d'aéronefs civils (sauf conversion en usine, révision en usine, reconstruction en usine) - la réparation et l’entretien de moteurs d'avions civils",33.16Y,Réparation et entretien d’aéronefs et d’engins spatiaux civils,Multiple
33.16Z,Réparation et maintenance d'aéronefs et d'engins spatiaux,- la réparation et l’entretien d'aéronefs et d'engins spatiaux militaires - la réparation et l’entretien de moteurs d'aéronefs et d'engins spatiaux militaires,33.18G,Réparation et entretien d’aéronefs et d’engins spatiaux militaires,Multiple
33.17Z,Réparation et maintenance d'autres équipements de transport,tout le contenu de la sous-classe NAF rév. 2,33.17Y,Réparation et entretien d’autres équipements de transport civils,Unique
33.19Z,Réparation d'autres équipements,"- la réparation des filets de pêche, y compris le raccommodage - la réparation de cordes, de gréements, de toiles et de bâches - la réparation de sacs de stockage d'engrais et de produits chimiques - la réparation ou le reconditionnement de palettes en bois, de fûts ou de tonneaux d'expédition et d'articles similaires - la réparation d'appareils de jeux de hasard et d'argent - la réparation de lits d'hôpitaux",33.19Y,Réparation et entretien d’autres équipements,Multiple
33.19Z,Réparation d'autres équipements,- la restauration d'orgues et d'autres instruments de musique historiques,91.30Y,"Conservation, restauration et autres activités de soutien pour la préservation du patrimoine culturel",Multiple
33.20A,"Installation de structures métalliques, chaudronnées et de tuyauterie",tout le contenu de la sous-classe NAF rév. 2,33.20Y,Installation de machines et d’équipements industriels,Unique
33.20B,Installation de machines et équipements mécaniques,tout le contenu de la sous-classe NAF rév. 2,33.20Y,Installation de machines et d’équipements industriels,Unique
33.20C,Conception d'ensemble et assemblage sur site industriel d'équipements de contrôle des processus industriels,tout le contenu de la sous-classe NAF rév. 2,33.20Y,Installation de machines et d’équipements industriels,Unique
33.20D,"Installation d'équipements électriques, de matériels électroniques et optiques ou d'autres matériels",tout le contenu de la sous-classe NAF rév. 2,33.20Y,Installation de machines et d’équipements industriels,Unique
35.11Z,Production d'électricité,"- l'exploitation d'installations de production d'électricité à partir de sources non renouvelables, par exemple gaz naturel, charbon et autres combustibles fossiles, et à partir de sources non renouvelables sans émissions, par exemple le nucléaire",35.11Y,Production d’électricité à partir de sources non renouvelables,Multiple
35.11Z,Production d'électricité,"- l'exploitation d'installations de production d'électricité à partir de sources renouvelables, par exemple biocarburants gazeux, hydroélectricité, énergie éolienne côtière et marine, énergie solaire photovoltaïque et thermique, énergie géothermique et énergie des marées, des vagues et des océans",35.12Y,Production d’électricité à partir de sources renouvelables,Multiple
35.11Z,Production d'électricité,"- la conversion de l'énergie électrique en une forme d'énergie pouvant être stockée, le stockage de cette énergie et la reconversion ultérieure de cette énergie en énergie électrique, par exemple l'exploitation d'installations de stockage de pompes, d'installations de stockage d'air comprimé ou d'installations de stockage de batteries - la distribution de l'électricité stockée dans les réseaux électriques",35.16Y,Stockage de l’électricité,Multiple
35.12Z,Transport d'électricité,tout le contenu de la sous-classe NAF rév. 2,35.13Y,Transport d’électricité,Unique
35.13Z,Distribution d'électricité,tout le contenu de la sous-classe NAF rév. 2,35.14Y,Distribution d’électricité,Unique
35.14Z,Commerce d'électricité,"- l'exploitation d'installations de recharge pour les véhicules électriques, par exemple les voitures électriques, les motocycles, les bicyclettes",35.15G,Exploitation d'installations de recharge pour véhicules électriques,Multiple
35.14Z,Commerce d'électricité,"- la vente d'électricité pour compte propre - l'exploitation d'installations de recharge pour les appareils électroniques, par exemple les téléphones mobiles, les ordinateurs portables",35.15H,Autre commerce d’électricité,Multiple
35.14Z,Commerce d'électricité,"- les activités des courtiers ou des agents qui organisent la vente d'électricité par l'intermédiaire de réseaux de distribution d'électricité exploités par d'autres personnes - les activités de courtiers et d'agents pour l'exploitation de l'électricité, la distribution et les échanges de capacité de transmission pour l'énergie électrique",35.40Y,Activités des courtiers et agents pour l’électricité et le gaz naturel,Multiple
35.21Z,Production de combustibles gazeux,tout le contenu de la sous-classe NAF rév. 2,35.21Y,Production de gaz,Unique
35.22Z,Distribution de combustibles gazeux par conduites,tout le contenu de la sous-classe NAF rév. 2,35.22Y,Distribution de combustibles gazeux par conduites,Unique
35.23Z,Commerce de combustibles gazeux par conduites,- la vente de combustibles gazeux par l'intermédiaire du réseau pour compte propre,35.23Y,Commerce de combustibles gazeux par conduites,Multiple
35.23Z,Commerce de combustibles gazeux par conduites,- les activités des courtiers ou agents en gaz qui organisent la vente de combustibles gazeux par l'intermédiaire de systèmes de distribution de gaz exploités par des tiers - les activités de courtiers et d'agents pour les échanges de matières premières et de capacités de distribution de combustibles gazeux,35.40Y,Activités des courtiers et agents pour l’électricité et le gaz naturel,Multiple
35.30Z,Production et distribution de vapeur et d'air conditionné,tout le contenu de la sous-classe NAF rév. 2,35.30Y,Production et distribution de vapeur et d’air conditionné,Unique
36.00Z,"Captage, traitement et distribution d'eau",tout le contenu de la sous-classe NAF rév. 2,36.00Y,"Captage, traitement et distribution d’eau",Unique
37.00Z,Collecte et traitement des eaux usées,tout le contenu de la sous-classe NAF rév. 2,37.00Y,Collecte et traitement des eaux usées,Unique
38.11Z,Collecte des déchets non dangereux,tout le contenu de la sous-classe NAF rév. 2,38.11Y,Collecte des déchets non dangereux,Unique
38.12Z,Collecte des déchets dangereux,tout le contenu de la sous-classe NAF rév. 2,38.12Y,Collecte des déchets dangereux,Unique
38.21Z,Traitement et élimination des déchets non dangereux,"- la production de compost de déchets - la production de biogaz à partir de déchets, non destinée à la fourniture de gaz ou d'énergie",38.21Y,Récupération de matériaux,Multiple
38.21Z,Traitement et élimination des déchets non dangereux,"- le prétraitement des déchets en vue de la récupération d'énergie, conversion des déchets en chaleur ou en électricité utilisables, par exemple, au moyen de divers procédés, dont le traitement thermique - les activités des usines de valorisation énergétique des déchets",38.22Y,Valorisation énergétique,Multiple
38.21Z,Traitement et élimination des déchets non dangereux,"- la préparation de boues d'épuration pour le traitement des sols, avec pour résultat un bénéfice pour l'agriculture ou une amélioration écologique - la préparation de déchets non dangereux en vue de leur valorisation dans des zones excavées ou à des fins d'ingénierie dans l'aménagement paysager",38.23Y,Autre valorisation des déchets,Multiple
38.21Z,Traitement et élimination des déchets non dangereux,- l’élimination et le traitement avant élimination des déchets par combustion ou traitement thermique sans récupération d'énergie,38.31Y,Incinération sans récupération d’énergie,Multiple
38.21Z,Traitement et élimination des déchets non dangereux,"- l'élimination et le traitement avant élimination des déchets non dangereux, qu'ils soient solides ou non, sur ou dans le sol (c'est-à-dire sous terre), ou dans des installations ou des sites de stockage permanent des déchets - l'exploitation de décharges pour l'élimination des déchets - le traitement des déchets organiques en vue de leur mise en décharge ou de leur stockage permanent - l'élimination des sous-produits d'origine animale dans des décharges - le stockage souterrain permanent de déchets dans une cavité géologique profonde, par exemple une mine de sel ou de potassium - le stockage du dioxyde de carbone capturé",38.32Y,Mise en décharge ou stockage permanent,Multiple
38.21Z,Traitement et élimination des déchets non dangereux,"- le rejet de déchets liquides dans les mers/océans ou d'autres masses d'eau, y compris l'insertion dans le fond marin - l'injection de rejets pompables dans des puits, des dômes de sel ou des dépôts naturels",38.33Y,Autre élimination des déchets,Multiple
38.22Z,Traitement et élimination des déchets dangereux,"- le prétraitement des déchets dangereux en vue de la récupération d'énergie, conversion des déchets en chaleur ou en électricité utilisables, par exemple, grâce à divers procédés, dont le traitement thermique - les activités des usines de valorisation énergétique des déchets",38.22Y,Valorisation énergétique,Multiple
38.22Z,Traitement et élimination des déchets dangereux,"- la préparation de boues d'épuration pour le traitement des sols, avec pour résultat un bénéfice pour l'agriculture ou une amélioration écologique",38.23Y,Autre valorisation des déchets,Multiple
38.22Z,Traitement et élimination des déchets dangereux,- l’élimination et traitement avant élimination des déchets dangereux par combustion ou traitement thermique sans récupération d'énergie,38.31Y,Incinération sans récupération d’énergie,Multiple
38.22Z,Traitement et élimination des déchets dangereux,"- l'élimination et le traitement avant l'élimination des déchets dangereux, qu'ils soient solides ou non, sur le sol, dans le sous-sol ou dans des installations ou des sites de stockage permanent des déchets - l'exploitation de décharges pour l'élimination des déchets - le traitement des déchets organiques en vue de leur mise en décharge ou de leur stockage permanent - l'élimination des sous-produits d'origine animale dans des décharges - le stockage souterrain permanent de déchets dans une cavité géologique profonde, par exemple une mine de sel ou de potassium",38.32Y,Mise en décharge ou stockage permanent,Multiple
38.22Z,Traitement et élimination des déchets dangereux,"- le rejet de déchets liquides dans les mers/océans ou d'autres masses d'eau, y compris l'insertion dans le fond marin - l'injection de rejets pompables dans des puits, des dômes de sel ou des dépôts naturels",38.33Y,Autre élimination des déchets,Multiple
38.31Z,Démantèlement d'épaves,tout le contenu de la sous-classe NAF rév. 2,38.21Y,Récupération de matériaux,Unique
38.32Z,Récupération de déchets triés,"- la fabrication de poudres, de granulés ou de flocons de matières plastiques par le mélange ou la transformation de résines plastiques à partir de déchets plastiques récupérés - la fabrication de plastique recyclé sous forme de paillettes ou de granulés de plastique à partir de déchets plastiques prétraités à la suite d'une opération de récupération de matériaux",20.16Y,Fabrication de matières plastiques de base,Multiple
38.32Z,Récupération de déchets triés,"- le broyage et le déchiquetage mécaniques de déchets métalliques, provenant par exemple de voitures usagées, de machines à laver ou de vélos - la réduction mécanique de gros morceaux de fer, par exemple des wagons de chemin de fer - la récupération du fer dans le clinker - la récupération de métaux à partir de déchets photographiques, par exemple des solutions de fixation ou des films et du papier photographiques - la production de poudre de caoutchouc à partir de déchets et de débris de caoutchouc, y compris décontamination, division (élimination) des fractions et dévulcanisation - le tri et le traitement mécanique (par exemple, le nettoyage, le broyage) des matières plastiques pour produire des matières premières secondaires - le traitement (vieillissement, nettoyage, tri) des mâchefers d'incinération en matières premières secondaires (métaux, agrégats) - le broyage, nettoyage et tri du verre - le broyage, nettoyage et tri d'autres déchets, par exemple des déchets de démolition, pour obtenir des matières premières secondaires - la transformation de déchets alimentaires, de boissons et de tabac et de substances résiduelles en matières premières secondaires - la récupération d'huiles usagées, la transformation d'huiles et de graisses de cuisson usagées en matières premières secondaires - l'extraction d'argent à partir de déchets chimiques, autrement que par raffinage électrolytique - la récupération du phosphore provenant de l'incinération des boues d'épuration - la récupération de produits textiles et d'habillement par des procédés mécaniques, thermiques ou chimiques",38.21Y,Récupération de matériaux,Multiple
39.00Z,Dépollution et autres services de gestion des déchets,tout le contenu de la sous-classe NAF rév. 2,39.00Y,Activités de dépollution et autres activités de service de gestion des déchets,Unique
41.10A,Promotion immobilière de logements,tout le contenu de la sous-classe NAF rév. 2,68.12Y,Promotion immobilière,Unique
41.10B,Promotion immobilière de bureaux,tout le contenu de la sous-classe NAF rév. 2,68.12Y,Promotion immobilière,Unique
41.10C,Promotion immobilière d'autres bâtiments,tout le contenu de la sous-classe NAF rév. 2,68.12Y,Promotion immobilière,Unique
41.10D,Supports juridiques de programmes,tout le contenu de la sous-classe NAF rév. 2,68.32G,Activités des unités non productives détentrices de patrimoine immobilier,Unique
41.20A,Construction de maisons individuelles,"- la construction de maisons individuelles - la construction de maisons individuelles sous forme de bâtiments préfabriqués nécessitant un montage sur place - la transformation ou la rénovation complète de maisons individuelles existantes, impliquant plusieurs activités de construction spécialisées",41.00G,Construction de maisons individuelles,Multiple
41.20A,Construction de maisons individuelles,"- la rénovation, la modernisation, la reconstruction et la réhabilitation de sites et de bâtiments historiques et archéologiques",43.99H,Tous les autres travaux de construction spécialisés n.c.a.,Multiple
41.20B,Construction d'autres bâtiments,"- la construction de tous types de bâtiments (à l’exception des maisons individuelles) : • bâtiments résidentiels (à l’exception des maisons individuelles) • bâtiments destinés à la production industrielle, tels que les usines et les ateliers • bâtiments hospitaliers, scolaires et de bureaux • hôtels, magasins, centres commerciaux et restaurants • bâtiments aéroportuaires • installations sportives couvertes • parkings, y compris parkings souterrains • entrepôts • bâtiments religieux - la construction de bâtiments préfabriqués nécessitant un montage sur place (à l’exception des maisons individuelles) - la transformation ou la rénovation complète de bâtiments résidentiels (à l’exception des maisons individuelles) ou non résidentiels existants, impliquant plusieurs activités de construction spécialisées - la construction de bâtiments à support aérien, par exemple des dômes d'air",41.00H,Construction d'autres bâtiments,Multiple
41.20B,Construction d'autres bâtiments,"- la rénovation, la modernisation, la reconstruction et la réhabilitation de sites et de bâtiments historiques et archéologiques",43.99H,Tous les autres travaux de construction spécialisés n.c.a.,Multiple
42.11Z,Construction de routes et autoroutes,"- la construction d'autoroutes, de rues, de routes et d'autres voies pour véhicules et piétons - les travaux de surface, par exemple le revêtement de routes, d'autoroutes ou de ponts avec de l'asphalte, du béton ou de la pierre - la construction de pistes d'atterrissage - la construction de sentiers ou de pistes de vélo de montagne non pavés et accidentés",42.11Y,Construction de routes et autoroutes,Multiple
42.11Z,Construction de routes et autoroutes,"- les activités de construction spécialisées dans un aspect commun au génie civil, nécessitant des compétences ou des équipements spécialisés : • installation de glissières de sécurité, de panneaux de signalisation, etc. - la peinture routière et autres marquages",43.50Y,Travaux de construction spécialisés en génie civil,Multiple
42.12Z,Construction de voies ferrées de surface et souterraines,tout le contenu de la sous-classe NAF rév. 2,42.12Y,Construction de voies ferrées de surface et souterraines,Unique
42.13A,Construction d'ouvrages d'art,tout le contenu de la sous-classe NAF rév. 2,42.13G,Construction de ponts et de viaducs,Unique
42.13B,Construction et entretien de tunnels,tout le contenu de la sous-classe NAF rév. 2,42.13H,Construction de tunnels,Unique
42.21Z,Construction de réseaux pour fluides,tout le contenu de la sous-classe NAF rév. 2,42.21Y,Construction de réseaux pour fluides,Unique
42.22Z,Construction de réseaux électriques et de télécommunications,tout le contenu de la sous-classe NAF rév. 2,42.22Y,Construction de réseaux électriques et de télécommunications,Unique
42.91Z,Construction d'ouvrages maritimes et fluviaux,tout le contenu de la sous-classe NAF rév. 2,42.91Y,Construction d’ouvrages maritimes et fluviaux,Unique
42.99Z,Construction d'autres ouvrages de génie civil n.c.a.,"- la construction d'installations industrielles, à l'exception des bâtiments, par exemple : • installations minières, par exemple puits, tours, tunnels • raffineries • usines chimiques • systèmes de stockage de céréales - la construction d'autres installations, à l'exception des bâtiments, par exemple : • installations sportives en plein air - la construction de terrains de jeux - la construction de piscines non préfabriquées",42.99Y,Construction d’autres ouvrages de génie civil n.c.a.,Multiple
42.99Z,Construction d'autres ouvrages de génie civil n.c.a.,- la subdivision et l'amélioration d'un terrain appartenant à l'intéressé en vue d'une vente ultérieure,68.12Y,Promotion immobilière,Multiple
43.11Z,Travaux de démolition,tout le contenu de la sous-classe NAF rév. 2,43.11Y,Démolition,Unique
43.12A,Travaux de terrassement courants et travaux préparatoires,tout le contenu de la sous-classe NAF rév. 2,43.12G,Travaux de terrassement courants et travaux préparatoires,Unique
43.12B,Travaux de terrassement spécialisés ou de grande masse,tout le contenu de la sous-classe NAF rév. 2,43.12H,Travaux de terrassement spécialisés ou de grande masse,Unique
43.13Z,Forages et sondages,tout le contenu de la sous-classe NAF rév. 2,43.13Y,Forages et sondages,Unique
43.21A,Travaux d'installation électrique dans tous locaux,tout le contenu de la sous-classe NAF rév. 2,43.21G,Travaux d'installation électrique dans tous locaux,Unique
43.21B,Travaux d'installation électrique sur la voie publique,tout le contenu de la sous-classe NAF rév. 2,43.21H,Travaux d'installation électrique sur la voie,Unique
43.22A,Travaux d'installation d'eau et de gaz en tous locaux,tout le contenu de la sous-classe NAF rév. 2,43.22G,Travaux d'installation d'eau et de gaz en tous locaux,Unique
43.22B,Travaux d'installation d'équipements thermiques et de climatisation,tout le contenu de la sous-classe NAF rév. 2,43.22H,Travaux d'installation d'équipements thermiques et de climatisation,Unique
43.29A,Travaux d'isolation,tout le contenu de la sous-classe NAF rév. 2,43.23Y,Mise en place de l’isolation,Unique
43.29B,Autres travaux d'installation n.c.a.,tout le contenu de la sous-classe NAF rév. 2,43.24Y,Autres travaux d’installation,Unique
43.31Z,Travaux de plâtrerie,tout le contenu de la sous-classe NAF rév. 2,43.31Y,Travaux de plâtrerie,Unique
43.32A,Travaux de menuiserie bois et PVC,tout le contenu de la sous-classe NAF rév. 2,43.32G,Travaux de menuiserie bois et PVC,Unique
43.32B,Travaux de menuiserie métallique et serrurerie,- l'installation et le remplacement de serrures,43.24Y,Autres travaux d’installation,Multiple
43.32B,Travaux de menuiserie métallique et serrurerie,"à l’exception de l'installation et du remplacement de serrures, le contenu de la sous-classe NAF rév. 2 est entièrement couvert par la sous-classe NAF 2025 en correspondance",43.32H,Travaux de menuiserie métallique,Multiple
43.32C,Agencement de lieux de vente,- les travaux de menuiserie bois et PVC,43.32G,Travaux de menuiserie bois et PVC,Multiple
43.32C,Agencement de lieux de vente,- les travaux de menuiserie métallique,43.32H,Travaux de menuiserie métallique,Multiple
43.33Z,Travaux de revêtement des sols et des murs,tout le contenu de la sous-classe NAF rév. 2,43.33Y,Travaux de revêtement des sols et des murs,Unique
43.34Z,Travaux de peinture et vitrerie,- les travaux de peinture,43.34G,Travaux de peinture,Multiple
43.34Z,Travaux de peinture et vitrerie,- les travaux de vitrerie,43.34H,Travaux de vitrerie,Multiple
43.39Z,Autres travaux de finition,"- l’installation de panneaux acoustiques, de carreaux et de matériaux similaires - l'installation d'une isolation intérieure dans les bateaux",43.23Y,Mise en place de l’isolation,Multiple
43.39Z,Autres travaux de finition,- le plâtrage de l'intérieur des bateaux,43.31Y,Travaux de plâtrerie,Multiple
43.39Z,Autres travaux de finition,- l’installation de menuiserie bois et PVC dans les bateaux,43.32G,Travaux de menuiserie bois et PVC,Multiple
43.39Z,Autres travaux de finition,- l’installation de menuiserie métallique dans les bateaux,43.32H,Travaux de menuiserie métallique,Multiple
43.39Z,Autres travaux de finition,- le revêtement de sol et de mur dans les bateaux,43.33Y,Travaux de revêtement des sols et des murs,Multiple
43.39Z,Autres travaux de finition,- la peinture de l'intérieur des bateaux,43.34G,Travaux de peinture,Multiple
43.39Z,Autres travaux de finition,- le vitrage de l'intérieur des bateaux,43.34H,Travaux de vitrerie,Multiple
43.39Z,Autres travaux de finition,"- l’installation de tôles préfabriquées, de pièces en acier, de profilés, etc. - les travaux d'ornementation des bâtiments - le revêtement des murs extérieurs - les autres travaux d'achèvement et de finition de bâtiments non cités ailleurs - les autres travaux d'achèvement et de finition de bateaux non cités ailleurs",43.35Y,Autres travaux de finition,Multiple
43.39Z,Autres travaux de finition,- le nettoyage des nouveaux bâtiments immédiatement après leur construction,81.22Y,Autres activités de nettoyage des bâtiments et nettoyage industriel,Multiple
43.91A,Travaux de charpente,tout le contenu de la sous-classe NAF rév. 2,43.41G,Travaux de charpente,Unique
43.91B,Travaux de couverture par éléments,tout le contenu de la sous-classe NAF rév. 2,43.41H,Travaux de couverture par éléments,Unique
43.99A,Travaux d'étanchéification,- l‘hydro-isolation,43.23Y,Mise en place de l’isolation,Multiple
43.99A,Travaux d'étanchéification,- l'étanchéité des toitures,43.41J,Travaux d'étanchéification pour la toiture,Multiple
43.99A,Travaux d'étanchéification,"- les activités de construction spécialisées dans un aspect commun à la construction de bâtiments, nécessitant des compétences ou des équipements spécialisés, liés à l’étanchéification : • déshumidification de bâtiments",43.42J,Autres travaux de construction spécialisés dans la construction de bâtiments n.c.a.,Multiple
43.99B,Travaux de montage de structures métalliques,- la construction de murs-rideaux,43.35Y,Autres travaux de finition,Multiple
43.99B,Travaux de montage de structures métalliques,"- le montage d'éléments de construction métallique préfabriqués, non fabriqués par l'entreprise elle-même, pour les bâtiments",43.42G,"Travaux de montage d’éléments de construction préfabriqués pour bâtiments, en acier",Multiple
43.99B,Travaux de montage de structures métalliques,"- les activités de construction spécialisées de structures métalliques, dans un aspect courant du génie civil, nécessitant des compétences ou des équipements spécialisés : • construction de fondations pour le génie civil, y compris battage de pieux • fonçage de puits • montage d'éléments en acier pour des projets de génie civil - la construction de structures métalliques pour murs antibruit, par exemple le long des routes - l’installation de mobilier urbain en structures métalliques - l'installation de structures métalliques pour piscines préfabriquées - l’installation de protections en structures métalliques contre les chutes de pierres",43.50Y,Travaux de construction spécialisés en génie civil,Multiple
43.99B,Travaux de montage de structures métalliques,"- les activités de construction spécialisées en structures métalliques, dans un aspect commun à différents types d’ouvrages, nécessitant des compétences ou un équipement spécialisés, n.c.a. : • activités de cintrage de l'acier d'armature, sur le site de construction • montage et démontage d'échafaudages et de plates-formes de travail - le montage d'équipements de sécurité sur les chantiers de construction, en structures métalliques",43.99H,Tous les autres travaux de construction spécialisés n.c.a.,Multiple
43.99C,Travaux de maçonnerie générale et gros œuvre de bâtiment,"- la maçonnerie, la pose de blocs, la pose de pierres et autres travaux de maçonnerie (à l’exclusion des travaux de bétonnage)",43.91Y,Travaux de maçonnerie et de pose de briques,Multiple
43.99C,Travaux de maçonnerie générale et gros œuvre de bâtiment,"- la réparation de structures en béton armé (par exemple, poutres, colonnes) - les travaux de bétonnage",43.99H,Tous les autres travaux de construction spécialisés n.c.a.,Multiple
43.99D,Autres travaux spécialisés de construction,- la construction de piscines non préfabriquées,42.99Y,Construction d’autres ouvrages de génie civil n.c.a.,Multiple
43.99D,Autres travaux spécialisés de construction,- la construction ou l'installation de poêles de masse,43.22H,Travaux d'installation d'équipements thermiques et de climatisation,Multiple
43.99D,Autres travaux spécialisés de construction,"- le montage d'éléments de construction préfabriqués en bois, non fabriqués par l'entreprise elle-même, pour les bâtiments",43.42H,"Travaux de montage d’éléments de construction préfabriqués pour bâtiments, en bois",Multiple
43.99D,Autres travaux spécialisés de construction,"- les activités de construction spécialisées dans un aspect commun à la construction de bâtiments, nécessitant des compétences ou des équipements spécialisés : • construction de fondations de bâtiments, y compris battage de pieux • montage d'éléments de construction préfabriqués pour bâtiments, en béton ou en d’autres matériaux • construction de cheminées et de fours industriels",43.42J,Autres travaux de construction spécialisés dans la construction de bâtiments n.c.a.,Multiple
43.99D,Autres travaux spécialisés de construction,"- les activités de construction spécialisées dans un aspect courant du génie civil, nécessitant des compétences ou des équipements spécialisés (sauf structures métalliques) : • construction de fondations pour le génie civil, y compris battage de pieux • fonçage de puits • montage d'éléments en acier pour des projets de génie civil - la construction de murs antibruit, par exemple le long des routes (sauf structures métalliques) - l’installation de mobilier urbain (sauf structures métalliques) - l'installation de piscines préfabriquées (sauf structures métalliques) - le montage de parois rocheuses de protection et installation de protections contre les chutes de pierres (sauf structures métalliques)",43.50Y,Travaux de construction spécialisés en génie civil,Multiple
43.99D,Autres travaux spécialisés de construction,"à l’exception du nettoyage à la vapeur, du sablage et des activités similaires pour l'extérieur des bâtiments, tout le contenu de la sous-classe NAF rév. 2, à savoir : - le montage d'équipements de sécurité sur les chantiers de construction - les travaux exigeant un accès spécialisé nécessitant des compétences en matière d'escalade et l'utilisation d'équipements connexes, par exemple le travail en hauteur sur des ouvrages élevés - le montage de panneaux ou de colonnes publicitaires - les travaux de bétonnage spécialisés",43.99H,Tous les autres travaux de construction spécialisés n.c.a.,Multiple
43.99D,Autres travaux spécialisés de construction,"- le nettoyage à la vapeur, le sablage et les activités similaires pour l'extérieur des bâtiments",81.22Y,Autres activités de nettoyage des bâtiments et nettoyage industriel,Multiple
43.99E,Location avec opérateur de matériel de construction,tout le contenu de la sous-classe NAF rév. 2,43.99G,Location avec opérateur d’équipement de construction,Unique
45.11Z,Commerce de voitures et de véhicules automobiles légers,"- les activités des intermédiaires impliqués dans le commerce de gros de voitures et de véhicules à moteur légers ; ces véhicules à moteur comprennent les véhicules électriques - les activités des maisons de vente aux enchères en gros de biens de tiers de véhicules automobiles légers, y compris les ventes aux enchères en gros de véhicules automobiles légers sur Internet",46.18Y,Activités d’intermédiaire spécialisé dans le commerce de gros d’autres produits spécifiques,Multiple
45.11Z,Commerce de voitures et de véhicules automobiles légers,"- le commerce de gros de véhicules à moteur neufs et d'occasion, y compris les véhicules électriques, de moins de 3,5 tonnes : • véhicules automobiles de tourisme, y compris véhicules automobiles de tourisme spécialisés, par exemple ambulances et minibus - le commerce de gros de véhicules à moteur tout-terrain de moins de 3,5 tonnes",46.71G,"Commerce de gros de véhicules automobiles légers (moins de 3,5 tonnes)",Multiple
45.11Z,Commerce de voitures et de véhicules automobiles légers,"- le commerce de détail de véhicules à moteur neufs et d'occasion, y compris les véhicules électriques : • véhicules automobiles de tourisme - le commerce de détail de véhicules à moteur tout-terrain (hors activités d’intermédiation)",47.81Y,Commerce de détail de véhicules automobiles,Multiple
45.11Z,Commerce de voitures et de véhicules automobiles légers,- les commissionnaires chargés du commerce de voitures et de véhicules automobiles légers,47.92G,Activités de service d’intermédiation pour le commerce de détail de véhicules automobiles,Multiple
45.19Z,Commerce d'autres véhicules automobiles,"- les activités des intermédiaires impliqués dans le commerce de gros de camions, de remorques et de semi-remorques, de véhicules de camping, par exemple : caravanes et camping-cars ; ces véhicules à moteur incluent les véhicules électriques - les activités des maisons de vente aux enchères en gros de biens de tiers d'autres véhicules à moteur, y compris les ventes aux enchères en gros par internet d'autres véhicules à moteur",46.18Y,Activités d’intermédiaire spécialisé dans le commerce de gros d’autres produits spécifiques,Multiple
45.19Z,Commerce d'autres véhicules automobiles,"- le commerce de gros de véhicules à moteur neufs et d'occasion, y compris les véhicules électriques, de 3,5 tonnes et plus : • camions, remorques et semi-remorques • véhicules de camping, par exemple caravanes, camping-cars - le commerce de gros de véhicules à moteur tout-terrain, de 3,5 tonnes et plus",46.71H,Commerce de gros d’autres véhicules automobiles,Multiple
45.19Z,Commerce d'autres véhicules automobiles,"- le commerce de détail de véhicules à moteur neufs et d'occasion, y compris les véhicules électriques : • véhicules de camping, par exemple caravanes, camping-cars - le commerce de détail de remorques pour véhicules à moteur (hors activités d’intermédiation)",47.81Y,Commerce de détail de véhicules automobiles,Multiple
45.19Z,Commerce d'autres véhicules automobiles,- les commissionnaires chargés du commerce d'autres véhicules à moteur,47.92G,Activités de service d’intermédiation pour le commerce de détail de véhicules automobiles,Multiple
45.20A,Entretien et réparation de véhicules automobiles légers,"À l’exception des activités d’intermédiation, le contenu de la sous-classe NAF rév. 2 est entièrement couvert par la sous-classe NAF 2025 en correspondance",95.31G,"Réparation et entretien de véhicules automobiles légers (moins de 3,5 tonnes)",Multiple
45.20A,Entretien et réparation de véhicules automobiles légers,- les activités de service d’intermédiation pour la réparation et l’entretien d’automobiles légers,95.40Y,"Activités de service d’intermédiation pour la réparation et l’entretien d’ordinateurs, de biens personnels et domestiques et d’automobiles et motocycles",Multiple
45.20B,Entretien et réparation d'autres véhicules automobiles,"À l’exception des activités d’intermédiation, le contenu de la sous-classe NAF rév. 2 est entièrement couvert par la sous-classe NAF 2025 en correspondance",95.31H,Réparation et entretien d'autres véhicules automobiles,Multiple
45.20B,Entretien et réparation d'autres véhicules automobiles,- les activités de service d’intermédiation pour la réparation et l’entretien d’automobiles,95.40Y,"Activités de service d’intermédiation pour la réparation et l’entretien d’ordinateurs, de biens personnels et domestiques et d’automobiles et motocycles",Multiple
45.31Z,Commerce de gros d'équipements automobiles,"- les activités des intermédaires impliqués dans le commerce de gros de pièces détachées et d'accessoires automobiles - les activités des maisons de vente aux enchères en gros de biens de tiers de pièces détachées et d'accessoires de véhicules automobiles, y compris les ventes aux enchères en gros de pièces détachées et d'accessoires de véhicules automobiles sur internet",46.18Y,Activités d’intermédiaire spécialisé dans le commerce de gros d’autres produits spécifiques,Multiple
45.31Z,Commerce de gros d'équipements automobiles,"- le commerce de gros de pièces détachées et d'équipements pour véhicules automobiles, neufs ou d'occasion, et d'accessoires connexes tels que les pneus, etc. - le commerce de gros de batteries et d'accumulateurs pour véhicules automobiles",46.72Y,Commerce de gros de pièces et accessoires de véhicules automobiles,Multiple
45.32Z,Commerce de détail d'équipements automobiles,"- le commerce de détail de pièces détachées, d'équipements et d'accessoires neufs et d'occasion pour véhicules automobiles (hors intermédiation)",47.82Y,Commerce de détail de pièces et accessoires de véhicules automobiles,Multiple
45.32Z,Commerce de détail d'équipements automobiles,- les activités de service d’intermédiation pour le commerce de détail de véhicules automobiles,47.92G,Activités de service d’intermédiation pour le commerce de détail de véhicules automobiles,Multiple
45.40Z,Commerce et réparation de motocycles,"- les activités des intermédiaires du commerce de gros de motocycles - les activités des intermédiaires du commerce de gros de pièces détachées et d'accessoires pour véhicules automobiles et de pièces détachées et d'accessoires pour motocycles - les activités des maisons de vente aux enchères en gros de biens de tiers, de motocycles et de pièces et accessoires connexes, y compris les ventes aux enchères en gros de motocycles et de pièces et accessoires connexes sur l'internet",46.18Y,Activités d’intermédiaire spécialisé dans le commerce de gros d’autres produits spécifiques,Multiple
45.40Z,Commerce et réparation de motocycles,"- le commerce de gros de motocycles neufs et d'occasion, y compris les cyclomoteurs - le commerce de gros de pièces et d'accessoires pour motocycles - le commerce de gros d'équipements de protection pour motocyclistes",46.73Y,Commerce de gros de motocycles et de pièces et accessoires pour motocycles,Multiple
45.40Z,Commerce et réparation de motocycles,"- le commerce de détail de motocycles neufs et d'occasion, y compris les cyclomoteurs - le commerce de détail de pièces détachées et d'accessoires neufs et d'occasion pour motocycles - le commerce de détail d'équipements de protection pour motocyclistes (hors activités d’intermédiation)",47.83Y,Commerce de détail de motocycles et de pièces et accessoires de motocycles,Multiple
45.40Z,Commerce et réparation de motocycles,- les activités de service d’intermédiation pour le commerce de détail de véhicules automobiles,47.92G,Activités de service d’intermédiation pour le commerce de détail de véhicules automobiles,Multiple
45.40Z,Commerce et réparation de motocycles,"- la réparation et l’entretien de motocycles - les activités de pulvérisation et de peinture de motocycles et de pièces de motocycles - la réparation de carrosseries de motocycles - le lavage, polissage, etc. de motocycles (hors activités d’intermédiation)",95.32Y,Réparation et entretien de motocycles,Multiple
45.40Z,Commerce et réparation de motocycles,- les activités de service d’intermédiation pour la réparation et l’entretien de motocycles,95.40Y,"Activités de service d’intermédiation pour la réparation et l’entretien d’ordinateurs, de biens personnels et domestiques et d’automobiles et motocycles",Multiple
46.11Z,"Intermédiaires du commerce en matières premières agricoles, animaux vivants, matières premières textiles et produits semi-finis",tout le contenu de la sous-classe NAF rév. 2,46.11Y,"Activités d’intermédiaire du commerce de gros en matières premières agricoles, animaux vivants, matières premières textiles et produits semi-finis",Unique
46.12A,Centrales d'achat de carburant,tout le contenu de la sous-classe NAF rév. 2,46.12Y,"Activités d’intermédiaire du commerce de gros en combustibles, minerais, métaux et produits chimiques",Unique
46.12B,"Autres intermédiaires du commerce en combustibles, métaux, minéraux et produits chimiques",tout le contenu de la sous-classe NAF rév. 2,46.12Y,"Activités d’intermédiaire du commerce de gros en combustibles, minerais, métaux et produits chimiques",Unique
46.13Z,Intermédiaires du commerce en bois et matériaux de construction,tout le contenu de la sous-classe NAF rév. 2,46.13Y,Activités d’intermédiaire du commerce de gros en bois et matériaux de construction,Unique
46.14Z,"Intermédiaires du commerce en machines, équipements industriels, navires et avions",tout le contenu de la sous-classe NAF rév. 2,46.14Y,"Activités d’intermédiaire du commerce de gros en machines, équipements industriels, navires et avions",Unique
46.15Z,"Intermédiaires du commerce en meubles, articles de ménage et quincaillerie",tout le contenu de la sous-classe NAF rév. 2,46.15Y,"Activités d’intermédiaire du commerce de gros en meubles, biens domestiques et quincaillerie",Unique
46.16Z,"Intermédiaires du commerce en textiles, habillement, fourrures, chaussures et articles en cuir",tout le contenu de la sous-classe NAF rév. 2,46.16Y,"Activités d’intermédiaire du commerce de gros en textiles, habillement, fourrures, chaussures et articles en cuir",Unique
46.17A,Centrales d'achat alimentaires,tout le contenu de la sous-classe NAF rév. 2,46.17G,Activités d’intermédiation des centrales d’achat alimentaires,Unique
46.17B,"Autres intermédiaires du commerce en denrées, boissons et tabac",tout le contenu de la sous-classe NAF rév. 2,46.17H,"Autres activités d'intermédiaire du commerce de gros en denrées, boissons et tabac",Unique
46.18Z,Intermédiaires spécialisés dans le commerce d'autres produits spécifiques,tout le contenu de la sous-classe NAF rév. 2,46.18Y,Activités d’intermédiaire spécialisé dans le commerce de gros d’autres produits spécifiques,Unique
46.19A,Centrales d'achat non alimentaires,tout le contenu de la sous-classe NAF rév. 2,46.19G,Activités d’intermédiation des centrales d’achat non spécialisées,Unique
46.19B,Autres intermédiaires du commerce en produits divers,tout le contenu de la sous-classe NAF rév. 2,46.19H,Autres activités d'intermédiaire non spécialisé du commerce de gros,Unique
46.21Z,"Commerce de gros (commerce interentreprises) de céréales, de tabac non manufacturé, de semences et d'aliments pour le bétail",tout le contenu de la sous-classe NAF rév. 2,46.21Y,"Commerce de gros de céréales, de tabac non manufacturé, de semences et d’aliments pour animaux",Unique
46.22Z,Commerce de gros (commerce interentreprises) de fleurs et plantes,tout le contenu de la sous-classe NAF rév. 2,46.22Y,Commerce de gros de fleurs et de plantes,Unique
46.23Z,Commerce de gros (commerce interentreprises) d'animaux vivants,tout le contenu de la sous-classe NAF rév. 2,46.23Y,Commerce de gros d’animaux vivants,Unique
46.24Z,Commerce de gros (commerce interentreprises) de cuirs et peaux,tout le contenu de la sous-classe NAF rév. 2,46.24Y,Commerce de gros de cuirs et de peaux,Unique
46.31Z,Commerce de gros (commerce interentreprises) de fruits et légumes,tout le contenu de la sous-classe NAF rév. 2,46.31Y,Commerce de gros de fruits et légumes,Unique
46.32A,Commerce de gros (commerce interentreprises) de viandes de boucherie,tout le contenu de la sous-classe NAF rév. 2,46.32G,Commerce de gros de viandes et de produits à base de viande,Unique
46.32B,Commerce de gros (commerce interentreprises) de produits à base de viande,tout le contenu de la sous-classe NAF rév. 2,46.32G,Commerce de gros de viandes et de produits à base de viande,Unique
46.32C,Commerce de gros (commerce interentreprises) de volailles et gibier,tout le contenu de la sous-classe NAF rév. 2,46.32G,Commerce de gros de viandes et de produits à base de viande,Unique
46.33Z,"Commerce de gros (commerce interentreprises) de produits laitiers, œufs, huiles et matières grasses comestibles",tout le contenu de la sous-classe NAF rév. 2,46.33Y,"Commerce de gros de produits laitiers, œufs, huiles et matières grasses comestibles",Unique
46.34Z,Commerce de gros (commerce interentreprises) de boissons,tout le contenu de la sous-classe NAF rév. 2,46.34Y,Commerce de gros de boissons,Unique
46.35Z,Commerce de gros (commerce interentreprises) de produits à base de tabac,tout le contenu de la sous-classe NAF rév. 2,46.35Y,Commerce de gros de produits à base de tabac,Unique
46.36Z,"Commerce de gros (commerce interentreprises) de sucre, chocolat et confiserie",- le commerce de gros de glaces et sorbets,46.33Y,"Commerce de gros de produits laitiers, œufs, huiles et matières grasses comestibles",Multiple
46.36Z,"Commerce de gros (commerce interentreprises) de sucre, chocolat et confiserie","à l’exception du commerce de gros de glaces et sorbets, tout le contenu de la classe NACE rév. 2",46.36Y,"Commerce de gros de sucre, chocolat et confiserie",Multiple
46.37Z,"Commerce de gros (commerce interentreprises) de café, thé, cacao et épices",tout le contenu de la sous-classe NAF rév. 2,46.37Y,"Commerce de gros de café, thé, cacao et épices",Unique
46.38A,"Commerce de gros (commerce interentreprises) de poissons, crustacés et mollusques",tout le contenu de la sous-classe NAF rév. 2,46.32H,"Commerce de gros de poissons, crustacés et mollusques et de produits à base de poisson",Unique
46.38B,Commerce de gros (commerce interentreprises) alimentaire spécialisé divers,tout le contenu de la sous-classe NAF rév. 2,46.38Y,Commerce de gros d’autres denrées alimentaires,Unique
46.39A,Commerce de gros (commerce interentreprises) de produits surgelés,tout le contenu de la sous-classe NAF rév. 2,46.39Y,"Commerce de gros non spécialisé de denrées, boissons et tabac",Unique
46.39B,Commerce de gros (commerce interentreprises) alimentaire non spécialisé,tout le contenu de la sous-classe NAF rév. 2,46.39Y,"Commerce de gros non spécialisé de denrées, boissons et tabac",Unique
46.41Z,Commerce de gros (commerce interentreprises) de textiles,tout le contenu de la sous-classe NAF rév. 2,46.41Y,Commerce de gros de textiles,Unique
46.42Z,Commerce de gros (commerce interentreprises) d'habillement et de chaussures,tout le contenu de la sous-classe NAF rév. 2,46.42Y,Commerce de gros d’habillement et de chaussures,Unique
46.43Z,Commerce de gros (commerce interentreprises) d'appareils électroménagers,- le commerce de gros d’appareils de génie climatique,46.43G,Commerce de gros d’appareils de génie climatique,Multiple
46.43Z,Commerce de gros (commerce interentreprises) d'appareils électroménagers,"- le commerce de gros d’appareils électroménagers (à l’exception des appareils de génie climatique), à savoir : • commerce de gros d'appareils électroménagers • commerce de gros de matériel de radio et de télévision • commerce de gros de produits photographiques et optiques, à l'exception des verres correcteurs, des lentilles et des lunettes de soleil • commerce de gros de machines à coudre de type domestique • commerce de gros de systèmes de sécurité et d'alarmes",46.43H,Commerce de gros d’autres appareils électroménagers,Multiple
46.43Z,Commerce de gros (commerce interentreprises) d'appareils électroménagers,- le commerce de gros de supports enregistrés,46.49Y,Commerce de gros d’autres biens domestiques,Multiple
46.43Z,Commerce de gros (commerce interentreprises) d'appareils électroménagers,- le commerce de gros de piles et d'accumulateurs à usage domestique,46.64G,Commerce de gros d’autre matériel électrique,Multiple
46.44Z,"Commerce de gros (commerce interentreprises) de vaisselle, verrerie et produits d'entretien",tout le contenu de la sous-classe NAF rév. 2,46.44Y,"Commerce de gros de vaisselle, verrerie et produits d’entretien",Unique
46.45Z,Commerce de gros (commerce interentreprises) de parfumerie et de produits de beauté,tout le contenu de la sous-classe NAF rév. 2,46.45Y,Commerce de gros de parfumerie et de produits de beauté,Unique
46.46Z,Commerce de gros (commerce interentreprises) de produits pharmaceutiques,tout le contenu de la sous-classe NAF rév. 2,46.46Y,Commerce de gros de produits pharmaceutiques et médicaux,Unique
46.47Z,"Commerce de gros (commerce interentreprises) de meubles, de tapis et d'appareils d'éclairage",tout le contenu de la sous-classe NAF rév. 2,46.47Y,"Commerce de gros de meubles à usage domestique, de bureau et de magasin, de tapis et d’appareils d’éclairage",Unique
46.48Z,Commerce de gros (commerce interentreprises) d'articles d'horlogerie et de bijouterie,tout le contenu de la sous-classe NAF rév. 2,46.48Y,Commerce de gros d’articles d’horlogerie et de bijouterie,Unique
46.49Z,Commerce de gros (commerce interentreprises) d'autres biens domestiques,tout le contenu de la sous-classe NAF rév. 2,46.49Y,Commerce de gros d’autres biens domestiques,Unique
46.51Z,"Commerce de gros (commerce interentreprises) d'ordinateurs, d'équipements informatiques périphériques et de logiciels",tout le contenu de la sous-classe NAF rév. 2,46.50Y,Commerce de gros d’équipements de l’information et de la communication,Unique
46.52Z,Commerce de gros (commerce interentreprises) de composants et d'équipements électroniques et de télécommunication,tout le contenu de la sous-classe NAF rév. 2,46.50Y,Commerce de gros d’équipements de l’information et de la communication,Unique
46.61Z,Commerce de gros (commerce interentreprises) de matériel agricole,tout le contenu de la sous-classe NAF rév. 2,46.61Y,Commerce de gros de matériel agricole,Unique
46.62Z,Commerce de gros (commerce interentreprises) de machines-outils,tout le contenu de la sous-classe NAF rév. 2,46.62Y,Commerce de gros de machines-outils,Unique
46.63Z,"Commerce de gros (commerce interentreprises) de machines pour l'extraction, la construction et le génie civil",tout le contenu de la sous-classe NAF rév. 2,46.63Y,"Commerce de gros de machines pour l’extraction, la construction et le génie civil",Unique
46.64Z,Commerce de gros (commerce interentreprises) de machines pour l'industrie textile et l'habillement,tout le contenu de la sous-classe NAF rév. 2,46.64J,Commerce de gros d’autres machines et équipements pour l’industrie et le transport,Unique
46.65Z,Commerce de gros (commerce interentreprises) de mobilier de bureau,tout le contenu de la sous-classe NAF rév. 2,46.47Y,"Commerce de gros de meubles à usage domestique, de bureau et de magasin, de tapis et d’appareils d’éclairage",Unique
46.66Z,Commerce de gros (commerce interentreprises) d'autres machines et équipements de bureau,tout le contenu de la sous-classe NAF rév. 2,46.50Y,Commerce de gros d’équipements de l’information et de la communication,Unique
46.69A,Commerce de gros (commerce interentreprises) de matériel électrique,tout le contenu de la sous-classe NAF rév. 2,46.64G,Commerce de gros d’autre matériel électrique,Unique
46.69B,Commerce de gros (commerce interentreprises) de fournitures et équipements industriels divers,- le commerce de gros de matériels de manutention et de levage,46.64H,Commerce de gros de matériels de manutention et de levage,Multiple
46.69B,Commerce de gros (commerce interentreprises) de fournitures et équipements industriels divers,"à l’exception du commerce de gros de matériels de manutention et de levage, le contenu de la sous-classe NAF rév. 2 est entièrement couvert par la sous-classe NAF 2025 en correspondance",46.64J,Commerce de gros d’autres machines et équipements pour l’industrie et le transport,Multiple
46.69C,Commerce de gros (commerce interentreprises) de fournitures et équipements divers pour le commerce et les services,tout le contenu de la sous-classe NAF rév. 2,46.64K,Commerce de gros d’autres machines et équipements pour le commerce et les services,Unique
46.71Z,Commerce de gros (commerce interentreprises) de combustibles et de produits annexes,tout le contenu de la sous-classe NAF rév. 2,46.81Y,"Commerce de gros de combustibles solides, liquides et gazeux et de produits annexes",Unique
46.72Z,Commerce de gros (commerce interentreprises) de minerais et métaux,tout le contenu de la sous-classe NAF rév. 2,46.82Y,Commerce de gros de minerais et de métaux,Unique
46.73A,Commerce de gros (commerce interentreprises) de bois et de matériaux de construction,tout le contenu de la sous-classe NAF rév. 2,46.83G,Commerce de gros de bois et matériaux de construction,Unique
46.73B,Commerce de gros (commerce interentreprises) d'appareils sanitaires et de produits de décoration,- le commerce de gros d’appareils sanitaires,46.83H,Commerce de gros d’appareils sanitaires,Multiple
46.73B,Commerce de gros (commerce interentreprises) d'appareils sanitaires et de produits de décoration,- le commerce de gros de matériaux de décoration,46.83J,Commerce de gros de matériaux de décoration,Multiple
46.74A,Commerce de gros (commerce interentreprises) de quincaillerie,tout le contenu de la sous-classe NAF rév. 2,46.84G,Commerce de gros de quincaillerie et de matériel de bricolage,Unique
46.74B,Commerce de gros (commerce interentreprises) de fournitures pour la plomberie et le chauffage,- le commerce de gros de fixations et d’articles de serrurerie,46.84G,Commerce de gros de quincaillerie et de matériel de bricolage,Multiple
46.74B,Commerce de gros (commerce interentreprises) de fournitures pour la plomberie et le chauffage,"à l’exception du commerce de gros de fixations et d’articles de serrurerie, le contenu de la sous-classe NAF rév. 2 est entièrement couvert par la sous-classe NAF 2025 en correspondance",46.84H,Commerce de gros de fournitures pour plomberie et chauffage,Multiple
46.75Z,Commerce de gros (commerce interentreprises) de produits chimiques,tout le contenu de la sous-classe NAF rév. 2,46.85Y,Commerce de gros de produits chimiques,Unique
46.76Z,Commerce de gros (commerce interentreprises) d'autres produits intermédiaires,tout le contenu de la sous-classe NAF rév. 2,46.86Y,Commerce de gros d’autres produits intermédiaires,Unique
46.77Z,Commerce de gros (commerce interentreprises) de déchets et débris,tout le contenu de la sous-classe NAF rév. 2,46.87Y,Commerce de gros de déchets et débris,Unique
46.90Z,Commerce de gros (commerce interentreprises) non spécialisé,tout le contenu de la sous-classe NAF rév. 2,46.90Y,Commerce de gros non spécialisé,Unique
47.11A,Commerce de détail de produits surgelés,- le commerce de détail de produits surgelés en magasin de 120 à 400 m² (hors activités d’intermédiation),47.11H,Commerce de détail non spécialisé à prédominance alimentaire en magasin de 120 à 400 m² (supérette),Multiple
47.11A,Commerce de détail de produits surgelés,- le commerce de détail de produits surgelés en magasin de 400 à 2500 m² (hors activités d’intermédiation),47.11J,Commerce de détail non spécialisé à prédominance alimentaire en magasin de 400 à 2500 m² (supermarché),Multiple
47.11A,Commerce de détail de produits surgelés,- le commerce de détail de produits surgelés en magasin de plus de 2500 m² (hors activités d’intermédiation),47.11K,Commerce de détail non spécialisé à prédominance alimentaire en magasin de plus de 2500 m² (hypermarché),Multiple
47.11A,Commerce de détail de produits surgelés,- les activités de service d’intermédiation pour le commerce de détail de produits surgelés,47.91Y,Activités de service d’intermédiation pour le commerce de détail non spécialisé,Multiple
47.11B,Commerce d'alimentation générale,"À l’exception des activités d’intermédiation, le contenu de la sous-classe NAF rév. 2 est entièrement couvert par la sous-classe NAF 2025 en correspondance",47.11G,Commerce de détail non spécialisé à prédominance alimentaire en magasin de moins de 120 m²,Multiple
47.11B,Commerce d'alimentation générale,- les activités de service d’intermédiation,47.91Y,Activités de service d’intermédiation pour le commerce de détail non spécialisé,Multiple
47.11C,Supérettes,"À l’exception des activités d’intermédiation, le contenu de la sous-classe NAF rév. 2 est entièrement couvert par la sous-classe NAF 2025 en correspondance",47.11H,Commerce de détail non spécialisé à prédominance alimentaire en magasin de 120 à 400 m² (supérette),Multiple
47.11C,Supérettes,- les activités de service d’intermédiation,47.91Y,Activités de service d’intermédiation pour le commerce de détail non spécialisé,Multiple
47.11D,Supermarchés,"À l’exception des activités d’intermédiation, le contenu de la sous-classe NAF rév. 2 est entièrement couvert par la sous-classe NAF 2025 en correspondance",47.11J,Commerce de détail non spécialisé à prédominance alimentaire en magasin de 400 à 2500 m² (supermarché),Multiple
47.11D,Supermarchés,- les activités de service d’intermédiation,47.91Y,Activités de service d’intermédiation pour le commerce de détail non spécialisé,Multiple
47.11E,Magasins multi-commerces,"À l’exception des activités d’intermédiation, le contenu de la sous-classe NAF rév. 2 est entièrement couvert par la sous-classe NAF 2025 en correspondance",47.11J,Commerce de détail non spécialisé à prédominance alimentaire en magasin de 400 à 2500 m² (supermarché),Multiple
47.11E,Magasins multi-commerces,- les activités de service d’intermédiation,47.91Y,Activités de service d’intermédiation pour le commerce de détail non spécialisé,Multiple
47.11F,Hypermarchés,"À l’exception des activités d’intermédiation, le contenu de la sous-classe NAF rév. 2 est entièrement couvert par la sous-classe NAF 2025 en correspondance",47.11K,Commerce de détail non spécialisé à prédominance alimentaire en magasin de plus de 2500 m² (hypermarché),Multiple
47.11F,Hypermarchés,- les activités de service d’intermédiation,47.91Y,Activités de service d’intermédiation pour le commerce de détail non spécialisé,Multiple
47.19A,Grands magasins,"À l’exception des activités d’intermédiation, le contenu de la sous-classe NAF rév. 2 est entièrement couvert par la sous-classe NAF 2025 en correspondance",47.12G,Autre commerce de détail non spécialisé en magasin de plus de 2500 m² (grand magasin),Multiple
47.19A,Grands magasins,- les activités de service d’intermédiation,47.91Y,Activités de service d’intermédiation pour le commerce de détail non spécialisé,Multiple
47.19B,Autres commerces de détail en magasin non spécialisé,"À l’exception des activités d’intermédiation, le contenu de la sous-classe NAF rév. 2 est entièrement couvert par la sous-classe NAF 2025 en correspondance",47.12H,Autre commerce de détail non spécialisé en magasin de moins de 2500 m² ou hors magasin,Multiple
47.19B,Autres commerces de détail en magasin non spécialisé,- les activités de service d’intermédiation,47.91Y,Activités de service d’intermédiation pour le commerce de détail non spécialisé,Multiple
47.21Z,Commerce de détail de fruits et légumes en magasin spécialisé,"À l’exception des activités d’intermédiation, le contenu de la sous-classe NAF rév. 2 est entièrement couvert par la sous-classe NAF 2025 en correspondance",47.21Y,Commerce de détail de fruits et légumes,Multiple
47.21Z,Commerce de détail de fruits et légumes en magasin spécialisé,- les activités de service d’intermédiation,47.92J,Activités de service d'intermédiation pour le commerce de détail spécialisé d’autres biens,Multiple
47.22Z,Commerce de détail de viandes et de produits à base de viande en magasin spécialisé,"À l’exception des activités d’intermédiation, le contenu de la sous-classe NAF rév. 2 est entièrement couvert par la sous-classe NAF 2025 en correspondance",47.22Y,Commerce de détail de viande et de produits à base de viande,Multiple
47.22Z,Commerce de détail de viandes et de produits à base de viande en magasin spécialisé,- les activités de service d’intermédiation,47.92J,Activités de service d'intermédiation pour le commerce de détail spécialisé d’autres biens,Multiple
47.23Z,"Commerce de détail de poissons, crustacés et mollusques en magasin spécialisé","À l’exception des activités d’intermédiation, le contenu de la sous-classe NAF rév. 2 est entièrement couvert par la sous-classe NAF 2025 en correspondance",47.23Y,"Commerce de détail de poisson, de crustacés et de mollusques",Multiple
47.23Z,"Commerce de détail de poissons, crustacés et mollusques en magasin spécialisé",- les activités de service d’intermédiation,47.92J,Activités de service d'intermédiation pour le commerce de détail spécialisé d’autres biens,Multiple
47.24Z,"Commerce de détail de pain, pâtisserie et confiserie en magasin spécialisé","À l’exception des activités d’intermédiation, le contenu de la sous-classe NAF rév. 2 est entièrement couvert par la sous-classe NAF 2025 en correspondance",47.24Y,"Commerce de détail de pain, de pâtisserie et de confiserie",Multiple
47.24Z,"Commerce de détail de pain, pâtisserie et confiserie en magasin spécialisé",- les activités de service d’intermédiation,47.92J,Activités de service d'intermédiation pour le commerce de détail spécialisé d’autres biens,Multiple
47.25Z,Commerce de détail de boissons en magasin spécialisé,"À l’exception des activités d’intermédiation, le contenu de la sous-classe NAF rév. 2 est entièrement couvert par la sous-classe NAF 2025 en correspondance",47.25Y,Commerce de détail de boissons,Multiple
47.25Z,Commerce de détail de boissons en magasin spécialisé,- les activités de service d’intermédiation,47.92J,Activités de service d'intermédiation pour le commerce de détail spécialisé d’autres biens,Multiple
47.26Z,Commerce de détail de produits à base de tabac en magasin spécialisé,"À l’exception des activités d’intermédiation, le contenu de la sous-classe NAF rév. 2 est entièrement couvert par la sous-classe NAF 2025 en correspondance",47.26Y,Commerce de détail de produits à base de tabac,Multiple
47.26Z,Commerce de détail de produits à base de tabac en magasin spécialisé,- les activités de service d’intermédiation pour le commerce de détail de journaux et de produits à base de tabac,47.92H,Activités de service d’intermédiation pour le commerce de détail de journaux et de produits à base de tabac,Multiple
47.29Z,Autres commerces de détail alimentaires en magasin spécialisé,"- le commerce de détail de produits laitiers, y compris le lait et les préparations fromagères, et d'œufs (hors activités d’intermédiation)",47.27G,Commerce de détail de produits laitiers et d'œufs,Multiple
47.29Z,Autres commerces de détail alimentaires en magasin spécialisé,"à l’exception du commerce de détail de produits laitiers, y compris le lait, les préparations fromagères, et d’œufs, et à l’exception également des activités d’intermédiation, tout le contenu de la sous-classe NAF rév. 2, à savoir : - le commerce de détail de café, de thé, d'huiles, de farine, de sucre, de pâtes, etc. - le commerce de détail d'autres produits alimentaires n.c.a. - le commerce de détail de plats préparés, à l'exception de la consommation immédiate sur place - le commerce de détail de compléments alimentaires destinés à l'alimentation humaine, par exemple les compléments diététiques, les produits de régime",47.27H,Commerce de détail spécialisé d’autres produits d’épicerie et d’autres produits alimentaires n.c.a.,Multiple
47.29Z,Autres commerces de détail alimentaires en magasin spécialisé,- les activités de service d’intermédiation,47.92J,Activités de service d'intermédiation pour le commerce de détail spécialisé d’autres biens,Multiple
47.30Z,Commerce de détail de carburants en magasin spécialisé,"à l’exception des activités d’intermédiation, tout le contenu de la sous-classe NAF rév. 2, à savoir : - le commerce de détail de carburants, fossiles ou sans carbone, pour les véhicules à moteur et les motocycles - l'exploitation de stations-service - le commerce de détail d'essence en combinaison avec des carburants électriques (e-carburants), si la vente de carburants électriques n'est pas prédominante - le commerce de détail de produits lubrifiants et de produits de refroidissement pour les véhicules à moteur - le commerce de détail d'hydrogène pour les véhicules à moteur et les motocycles - le commerce de détail de carburants, en combinaison avec des aliments, des boissons, des produits pour l'entretien des véhicules, des services de lavage de voitures, etc. lorsque la vente de carburants n'est pas prédominante",47.30Y,Commerce de détail de carburants,Multiple
47.30Z,Commerce de détail de carburants en magasin spécialisé,- les activités de service d’intermédiation,47.92J,Activités de service d'intermédiation pour le commerce de détail spécialisé d’autres biens,Multiple
47.41Z,"Commerce de détail d'ordinateurs, d'unités périphériques et de logiciels en magasin spécialisé","à l’exception des activités d’intermédiation, tout le contenu de la sous-classe NAF rév. 2, à savoir : - le commerce de détail d'ordinateurs - le commerce de détail d'équipements informatiques périphériques, par exemple imprimantes, photocopieuses, tableaux blancs interactifs, équipements de vidéoconférence - le commerce de détail de consoles de jeux vidéo - le commerce de détail de logiciels non personnalisés, y compris les jeux vidéo, fournis sur un support physique, avec un droit d'utilisation perpétuel",47.40Y,Commerce de détail d’équipements de l’information et de la communication,Multiple
47.41Z,"Commerce de détail d'ordinateurs, d'unités périphériques et de logiciels en magasin spécialisé",- les activités de service d’intermédiation,47.92J,Activités de service d'intermédiation pour le commerce de détail spécialisé d’autres biens,Multiple
47.42Z,Commerce de détail de matériels de télécommunication en magasin spécialisé,"à l’exception des activités d’intermédiation, tout le contenu de la sous-classe NAF rév. 2, à savoir : - le commerce de détail de téléphones intelligents, de téléphones mobiles et de téléphones et de leurs accessoires, par exemple chargeurs, kits mains libres, films et étuis de protection",47.40Y,Commerce de détail d’équipements de l’information et de la communication,Multiple
47.42Z,Commerce de détail de matériels de télécommunication en magasin spécialisé,- les activités de service d’intermédiation,47.92J,Activités de service d'intermédiation pour le commerce de détail spécialisé d’autres biens,Multiple
47.43Z,Commerce de détail de matériels audio et vidéo en magasin spécialisé,"à l’exception des activités d’intermédiation, tout le contenu de la sous-classe NAF rév. 2, à savoir : - le commerce de détail d'équipements audio et vidéo - le commerce de détail d'équipements de radio et de télévision - le commerce de détail de supports enregistrables - le commerce de détail de lecteurs et d'enregistreurs de supports d'enregistrement",47.40Y,Commerce de détail d’équipements de l’information et de la communication,Multiple
47.43Z,Commerce de détail de matériels audio et vidéo en magasin spécialisé,- les activités de service d’intermédiation,47.92J,Activités de service d'intermédiation pour le commerce de détail spécialisé d’autres biens,Multiple
47.51Z,Commerce de détail de textiles en magasin spécialisé,"à l’exception des activités d’intermédiation, tout le contenu de la sous-classe NAF rév. 2, à savoir : - le commerce de détail de tissus - le commerce de détail de fils à tricoter - le commerce de détail de matériaux de base pour la fabrication de tapis, de tapisseries ou de broderies - le commerce de détail de textiles - le commerce de détail d'articles de mercerie : aiguilles, fils à coudre, etc. - le commerce de détail de bâches - le commerce de détail de linge de lit",47.51Y,Commerce de détail de textiles,Multiple
47.51Z,Commerce de détail de textiles en magasin spécialisé,- les activités de service d’intermédiation,47.92J,Activités de service d'intermédiation pour le commerce de détail spécialisé d’autres biens,Multiple
47.52A,"Commerce de détail de quincaillerie, peintures et verres en petites surfaces (moins de 400 m2)","À l’exception des activités d’intermédiation, tout le contenu de la sous-classe NAF rév. 2",47.52G,"Commerce de détail de quincaillerie, de matériaux de construction et de bricolage, de peinture et de verre en magasin de moins de 400 m²",Multiple
47.52A,"Commerce de détail de quincaillerie, peintures et verres en petites surfaces (moins de 400 m2)",- les activités de service d’intermédiation,47.92J,Activités de service d'intermédiation pour le commerce de détail spécialisé d’autres biens,Multiple
47.52B,"Commerce de détail de quincaillerie, peintures et verres en grandes surfaces (400 m2et plus)","À l’exception des activités d’intermédiation, tout le contenu de la sous-classe NAF rév. 2",47.52H,"Commerce de détail de quincaillerie, de matériaux de construction et de bricolage, de peinture et de verre en magasin de plus de 400 m² ou hors magasin",Multiple
47.52B,"Commerce de détail de quincaillerie, peintures et verres en grandes surfaces (400 m2et plus)",- les activités de service d’intermédiation,47.92J,Activités de service d'intermédiation pour le commerce de détail spécialisé d’autres biens,Multiple
47.53Z,"Commerce de détail de tapis, moquettes et revêtements de murs et de sols en magasin spécialisé","à l’exception des activités d’intermédiation, tout le contenu de la sous-classe NAF rév. 2, à savoir : - le commerce de détail de tapis et moquettes - le commerce de détail de rideaux et de voilages - le commerce de détail de revêtements muraux ou de sol, par exemple papier peint, carrelage, stratifiés et revêtements de sol en vinyle",47.53Y,"Commerce de détail de tapis, moquettes et revêtements de murs et de sols",Multiple
47.53Z,"Commerce de détail de tapis, moquettes et revêtements de murs et de sols en magasin spécialisé",- les activités de service d’intermédiation,47.92J,Activités de service d'intermédiation pour le commerce de détail spécialisé d’autres biens,Multiple
47.54Z,Commerce de détail d'appareils électroménagers en magasin spécialisé,"à l’exception des activités d’intermédiation, tout le contenu de la sous-classe NAF rév. 2, à savoir : - le commerce de détail d'appareils électroménagers",47.54Y,Commerce de détail d’appareils électroménagers,Multiple
47.54Z,Commerce de détail d'appareils électroménagers en magasin spécialisé,- les activités de service d’intermédiation,47.92J,Activités de service d'intermédiation pour le commerce de détail spécialisé d’autres biens,Multiple
47.59A,Commerce de détail de meubles,"à l’exception des activités d’intermédiation, tout le contenu de la sous-classe NAF rév. 2, à savoir : - le commerce de détail de meubles, y compris matelas et sommiers",47.55G,Commerce de détail de meubles,Multiple
47.59A,Commerce de détail de meubles,- les activités de service d'intermédiation,47.92J,Activités de service d'intermédiation pour le commerce de détail spécialisé d’autres biens,Multiple
47.59B,Commerce de détail d'autres équipements du foyer,"- le commerce de détail d'alarmes incendie électriques ou électroniques, d'extincteurs, de blocs de secours, de systèmes de désenfumage, de coffres-forts et de chambres fortes, sans services d'installation ou d'entretien, en magasin de moins de 400 m² (hors activités d’intermédiation)",47.52G,"Commerce de détail de quincaillerie, de matériaux de construction et de bricolage, de peinture et de verre en magasin de moins de 400 m²",Multiple
47.59B,Commerce de détail d'autres équipements du foyer,"- le commerce de détail d'alarmes incendie électriques ou électroniques, d'extincteurs, de blocs de secours, de systèmes de désenfumage, de coffres-forts et de chambres fortes, sans services d'installation ou d'entretien, en magasin de 400 m² ou plus (hors activités d’intermédiation)",47.52H,"Commerce de détail de quincaillerie, de matériaux de construction et de bricolage, de peinture et de verre en magasin de plus de 400 m² ou hors magasin",Multiple
47.59B,Commerce de détail d'autres équipements du foyer,"- le commerce de détail d'articles d'éclairage - le commerce de détail d'ustensiles ménagers et de couverts, de vaisselle, de verrerie, de vaisselle de table, de porcelaine et de poterie - le commerce de détail d'articles en bois, en liège et en osier - le commerce de détail d'appareils ménagers non électriques, - le commerce de détail d'appareils ménagers solaires - le commerce de détail de parasols - le commerce de détail d'articles et d'équipements ménagers non cités ailleurs - le commerce de détail de voiles, à l'exception des voiles de bateau (hors activités d’intermédiation)",47.55H,"Commerce de détail d'appareils d’éclairage, de vaisselle et d’autres équipements du foyer",Multiple
47.59B,Commerce de détail d'autres équipements du foyer,"- le commerce de détail d'instruments de musique, de partitions et d'accessoires connexes, par exemple cordes, pupitres, métronomes (hors activités d’intermédiation)",47.69Y,Commerce de détail de biens culturels et de loisirs n.c.a.,Multiple
47.59B,Commerce de détail d'autres équipements du foyer,- les activités de service d'intermédiation,47.92J,Activités de service d'intermédiation pour le commerce de détail spécialisé d’autres biens,Multiple
47.61Z,Commerce de détail de livres en magasin spécialisé,"à l’exception des activités d’intermédiation, tout le contenu de la sous-classe NAF rév. 2, à savoir : - le commerce de détail de livres, y compris de livres audio sur support physique",47.61Y,Commerce de détail de livres,Multiple
47.61Z,Commerce de détail de livres en magasin spécialisé,- les activités de service d'intermédiation,47.92J,Activités de service d'intermédiation pour le commerce de détail spécialisé d’autres biens,Multiple
47.62Z,Commerce de détail de journaux et papeterie en magasin spécialisé,"- le commerce de détail de journaux, périodiques et revues - le commerce de détail de papeterie, de fournitures de bureau et de fournitures scolaires, par exemple stylos, crayons, papier (hors activités d’intermédiation)",47.62Y,Commerce de détail de journaux et autres publications périodiques et de papeterie,Multiple
47.62Z,Commerce de détail de journaux et papeterie en magasin spécialisé,- les activités de service d’intermédiation pour le commerce de détail de journaux et de produits à base de tabac,47.92H,Activités de service d’intermédiation pour le commerce de détail de journaux et de produits à base de tabac,Multiple
47.62Z,Commerce de détail de journaux et papeterie en magasin spécialisé,"- les activités de service d'intermédiation pour fournitures de bureau telles que stylos, crayons, papier, etc. (hors intermédiation pour journaux et de produits à base de tabac)",47.92J,Activités de service d'intermédiation pour le commerce de détail spécialisé d’autres biens,Multiple
47.63Z,Commerce de détail d'enregistrements musicaux et vidéo en magasin spécialisé,"à l’exception des activités d’intermédiation, tout le contenu de la sous-classe NAF rév. 2, à savoir : - le commerce de détail de supports enregistrés",47.69Y,Commerce de détail de biens culturels et de loisirs n.c.a.,Multiple
47.63Z,Commerce de détail d'enregistrements musicaux et vidéo en magasin spécialisé,- les activités de service d'intermédiation,47.92J,Activités de service d'intermédiation pour le commerce de détail spécialisé d’autres biens,Multiple
47.64Z,Commerce de détail d'articles de sport en magasin spécialisé,"à l’exception des activités d’intermédiation, tout le contenu de la sous-classe NAF rév. 2, à savoir : - le commerce de détail d'articles de sport, y compris le matériel de pêche, les armes et les munitions, les articles de camping, etc. - le commerce de détail de bateaux - le commerce de détail de bicyclettes, y compris les bicyclettes électriques, les monoroues, les hoverboards, les kickscooters, etc. - le commerce de détail de chaussures spéciales pour le sport, par exemple chaussures de football, patins à glace, chaussures de ski - le commerce de détail d'équipements sportifs spéciaux : vêtements de ski, d'arts martiaux, de ballet, etc. - le commerce de détail de parachutes, de tentes, de sacs de couchage, etc.",47.63Y,Commerce de détail d’articles de sport,Multiple
47.64Z,Commerce de détail d'articles de sport en magasin spécialisé,- les activités de service d'intermédiation,47.92J,Activités de service d'intermédiation pour le commerce de détail spécialisé d’autres biens,Multiple
47.65Z,Commerce de détail de jeux et jouets en magasin spécialisé,"à l’exception des activités d’intermédiation, tout le contenu de la sous-classe NAF rév. 2, à savoir : - le commerce de détail de jeux et de jouets, en toutes matières - le commerce de détail d'articles de fête (par exemple, masques, articles de fête - cotillons, blagues, etc. -, articles de magie) - le commerce de détail de drones jouets",47.64Y,Commerce de détail de jeux et jouets,Multiple
47.65Z,Commerce de détail de jeux et jouets en magasin spécialisé,- les activités de service d'intermédiation,47.92J,Activités de service d'intermédiation pour le commerce de détail spécialisé d’autres biens,Multiple
47.71Z,Commerce de détail d'habillement en magasin spécialisé,"à l’exception des activités d’intermédiation, tout le contenu de la sous-classe NAF rév. 2, à savoir : - le commerce de détail d'articles d'habillement, y compris les sous-vêtements - le commerce de détail d'articles en fourrure - le commerce de détail d'accessoires vestimentaires, tels que gants, cravates, bretelles - le commerce de détail de vêtements de travail, d'uniformes, de déguisements, de costumes de carnaval, etc.",47.71Y,Commerce de détail d’habillement,Multiple
47.71Z,Commerce de détail d'habillement en magasin spécialisé,- les activités de service d'intermédiation,47.92J,Activités de service d'intermédiation pour le commerce de détail spécialisé d’autres biens,Multiple
47.72A,Commerce de détail de la chaussure,"À l’exception des activités d’intermédiation, tout le contenu de la sous-classe NAF rév. 2",47.72G,Commerce de détail de chaussures,Multiple
47.72A,Commerce de détail de la chaussure,- les activités de service d'intermédiation,47.92J,Activités de service d'intermédiation pour le commerce de détail spécialisé d’autres biens,Multiple
47.72B,Commerce de détail de maroquinerie et d'articles de voyage,"À l’exception des activités d’intermédiation, tout le contenu de la sous-classe NAF rév. 2",47.72H,Commerce de détail de maroquinerie et d'articles de voyage,Multiple
47.72B,Commerce de détail de maroquinerie et d'articles de voyage,- les activités de service d'intermédiation,47.92J,Activités de service d'intermédiation pour le commerce de détail spécialisé d’autres biens,Multiple
47.73Z,Commerce de détail de produits pharmaceutiques en magasin spécialisé,"à l’exception des activités d’intermédiation, tout le contenu de la sous-classe NAF rév. 2, à savoir : - le commerce de détail de produits pharmaceutiques - le commerce de détail de médicaments vétérinaires - le commerce de détail de produits et de médicaments homéopathiques sans ordonnance - le commerce de détail de produits phytothérapeutiques et de remèdes à base de plantes",47.73Y,Commerce de détail de produits pharmaceutiques,Multiple
47.73Z,Commerce de détail de produits pharmaceutiques en magasin spécialisé,- les activités de service d'intermédiation,47.92J,Activités de service d'intermédiation pour le commerce de détail spécialisé d’autres biens,Multiple
47.74Z,Commerce de détail d'articles médicaux et orthopédiques en magasin spécialisé,"À l’exception des activités d’intermédiation, tout le contenu de la sous-classe NAF rév. 2",47.74H,Commerce de détail d’autres articles médicaux et orthopédiques,Multiple
47.74Z,Commerce de détail d'articles médicaux et orthopédiques en magasin spécialisé,- les activités de service d'intermédiation,47.92J,Activités de service d'intermédiation pour le commerce de détail spécialisé d’autres biens,Multiple
47.75Z,Commerce de détail de parfumerie et de produits de beauté en magasin spécialisé,"à l’exception des activités d’intermédiation, le contenu de la sous-classe NAF rév. 2 est entièrement couvert par la sous-classe NAF 2025 en correspondance, à savoir : - le commerce de détail de produits de parfumerie, de cosmétiques, d'articles de toilette, de produits de soins personnels, etc.",47.75Y,Commerce de détail de parfumerie et de produits de beauté,Multiple
47.75Z,Commerce de détail de parfumerie et de produits de beauté en magasin spécialisé,- les activités de service d'intermédiation,47.92J,Activités de service d'intermédiation pour le commerce de détail spécialisé d’autres biens,Multiple
47.76Z,"Commerce de détail de fleurs, plantes, graines, engrais, animaux de compagnie et aliments pour ces animaux en magasin spécialisé","à l’exception des activités d’intermédiation, tout le contenu de la sous-classe NAF rév. 2, à savoir : - le commerce de détail de fleurs et de plantes - le commerce de détail d'engrais et de produits phytosanitaires - le commerce de détail d'animaux de compagnie et d'articles pour animaux de compagnie - le commerce de détail d'aliments pour animaux de compagnie et autres animaux d'agrément, tels que poulets, chevaux, etc. - le commerce de détail d'articles de toilette, de produits d'hygiène, etc. pour animaux de compagnie",47.76Y,"Commerce de détail de fleurs, plantes, engrais, animaux de compagnie et aliments pour ces animaux",Multiple
47.76Z,"Commerce de détail de fleurs, plantes, graines, engrais, animaux de compagnie et aliments pour ces animaux en magasin spécialisé",- les activités de service d'intermédiation,47.92J,Activités de service d'intermédiation pour le commerce de détail spécialisé d’autres biens,Multiple
47.77Z,Commerce de détail d'articles d'horlogerie et de bijouterie en magasin spécialisé,"à l’exception des activités d’intermédiation, tout le contenu de la sous-classe NAF rév. 2e, à savoir : - le commerce de détail de montres et de bijoux - le commerce de détail d'articles d'orfèvrerie",47.77Y,Commerce de détail d’articles d’horlogerie et de bijouterie,Multiple
47.77Z,Commerce de détail d'articles d'horlogerie et de bijouterie en magasin spécialisé,- les activités de service d'intermédiation,47.92J,Activités de service d'intermédiation pour le commerce de détail spécialisé d’autres biens,Multiple
47.78A,Commerces de détail d'optique,"À l’exception des activités d’intermédiation, tout le contenu de la sous-classe NAF rév. 2",47.74G,Commerce de détail d'optique,Multiple
47.78A,Commerces de détail d'optique,- les activités de service d'intermédiation,47.92J,Activités de service d'intermédiation pour le commerce de détail spécialisé d’autres biens,Multiple
47.78B,Commerces de détail de charbons et combustibles,"À l’exception des activités d’intermédiation, tout le contenu de la sous-classe NAF rév. 2",47.78G,Commerce de détail de charbons et combustibles,Multiple
47.78B,Commerces de détail de charbons et combustibles,- les activités de service d'intermédiation,47.92J,Activités de service d'intermédiation pour le commerce de détail spécialisé d’autres biens,Multiple
47.78C,Autres commerces de détail spécialisés divers,"- le commerce de détail d'équipements pour bébés, par exemple les landaus, les poussettes, les trotteurs, les porte-bébés, les sièges auto pour bébés (hors activités d’intermédiation)",47.55H,"Commerce de détail d'appareils d’éclairage, de vaisselle et d’autres équipements du foyer",Multiple
47.78C,Autres commerces de détail spécialisés divers,- le commerce de détail d'armes et de munitions (hors activités d’intermédiation),47.63Y,Commerce de détail d’articles de sport,Multiple
47.78C,Autres commerces de détail spécialisés divers,"- le commerce de détail de philatélie, de numismatique et d'objets de collection, par exemple de timbres et de pièces de monnaie - les activités des galeries d'art commerciales - le commerce de détail de fournitures artistiques, notamment de perles, d'argile, de toiles, de couleurs à l'huile et à l'eau, etc. (hors activités d’intermédiation)",47.69Y,Commerce de détail de biens culturels et de loisirs n.c.a.,Multiple
47.78C,Autres commerces de détail spécialisés divers,"- le commerce de détail de matériel photographique et de précision - le commerce de détail d'équipements optiques (à l'exclusion des lunettes et des lentilles) tels que les télescopes, les microscopes et les jumelles - le commerce de détail d'articles d'emballage - le commerce de détail d'articles funéraires et de cimetière, tels que les urnes et les pierres tombales - le commerce de détail de bijoux de fantaisie - le commerce de détail de produits d'entretien (détergents, éponges, etc.) - le commerce de détail de souvenirs, d'artisanat et d'articles religieux - le commerce de détail de produits non alimentaires n.c.a. - le commerce de détail de fleurs et plantes artificielles (hors activités d’intermédiation)",47.78H,Commerce de détail spécialisé d’autres biens neufs n.c.a.,Multiple
47.78C,Autres commerces de détail spécialisés divers,- les activités de service d'intermédiation,47.92J,Activités de service d'intermédiation pour le commerce de détail spécialisé d’autres biens,Multiple
47.79Z,Commerce de détail de biens d'occasion en magasin,- le commerce de détail de livres anciens - le commerce de détail d'antiquités (hors activités d’intermédiation),47.79G,Commerce de détail d’antiquités et livres anciens,Multiple
47.79Z,Commerce de détail de biens d'occasion en magasin,- le commerce de détail de livres d'occasion (à l’exception des livres anciens) - le commerce de détail d'autres biens d'occasion - le commerce de détail de vêtements d'occasion (hors activités d’intermédiation),47.79H,Commerce de détail d’autres biens d’occasion,Multiple
47.79Z,Commerce de détail de biens d'occasion en magasin,"- les activités des maisons de vente aux enchères au détail, non spécialisées",47.91Y,Activités de service d’intermédiation pour le commerce de détail non spécialisé,Multiple
47.79Z,Commerce de détail de biens d'occasion en magasin,"- les activités des maisons de vente aux enchères au détail, spécialisées",47.92J,Activités de service d'intermédiation pour le commerce de détail spécialisé d’autres biens,Multiple
47.81Z,Commerce de détail alimentaire sur éventaires et marchés,"- le commerce de détail sur éventaires et marchés d'une grande variété de marchandises (par exemple, vêtements, meubles, appareils, quincaillerie, cosmétiques), parmi lesquelles les produits alimentaires, les boissons ou le tabac doivent toutefois être prédominants",47.11L,Commerce de détail non spécialisé à prédominance alimentaire hors magasin,Multiple
47.81Z,Commerce de détail alimentaire sur éventaires et marchés,"- le commerce de détail sur éventaires et marchés de fruits et légumes frais, y compris coupés - le commerce de détail sur éventaires et marchés de fruits et légumes séchés et en conserve",47.21Y,Commerce de détail de fruits et légumes,Multiple
47.81Z,Commerce de détail alimentaire sur éventaires et marchés,"- le commerce de détail sur éventaires et marchés de viande et de produits à base de viande, y compris la volaille et le gibier - le commerce de détail sur éventaires et marchés de tripes, charcuterie, viande salée - le commerce de détail sur éventaires et marchés d'escargots",47.22Y,Commerce de détail de viande et de produits à base de viande,Multiple
47.81Z,Commerce de détail alimentaire sur éventaires et marchés,"- le commerce de détail sur éventaires et marchés de poissons, fruits de mer, produits de la mer et préparations à base de ces produits - le commerce de détail sur éventaires et marchés d'algues et d'herbes marines",47.23Y,"Commerce de détail de poisson, de crustacés et de mollusques",Multiple
47.81Z,Commerce de détail alimentaire sur éventaires et marchés,"- le commerce de détail sur éventaires et marchés, de pains et de petits pains cuits sur place à partir de produits précuits - le commerce de détail sur éventaires et marchés, par des machines automatiques, de pain prêt à consommer préparé par la machine elle-même",47.24Y,"Commerce de détail de pain, de pâtisserie et de confiserie",Multiple
47.81Z,Commerce de détail alimentaire sur éventaires et marchés,"- le commerce de détail sur éventaires et marchés de boissons alcoolisées et non alcoolisées, non destinées à la consommation ou fabriquées sur place - le commerce de détail sur éventaires et marchés de jus de fruits et de légumes",47.25Y,Commerce de détail de boissons,Multiple
47.81Z,Commerce de détail alimentaire sur éventaires et marchés,"- le commerce de détail sur éventaires et marchés de tabac sous quelque forme que ce soit (cigarettes, cigares, tabac à pipe, tabac à mâcher, etc.) - le commerce de détail sur éventaires et marchés de tabac et de produits et accessoires pour fumeurs, y compris les briquets, les pipes, le matériel pour rouler les cigarettes, etc. - le commerce de détail sur éventaires et marchés de cigarettes électroniques (vapes) et d'e-liquides utilisés dans les dispositifs de vapotage",47.26Y,Commerce de détail de produits à base de tabac,Multiple
47.81Z,Commerce de détail alimentaire sur éventaires et marchés,"- le commerce de détail sur éventaires et marchés de produits laitiers, y compris le lait et les préparations fromagères, et d'œufs",47.27G,Commerce de détail de produits laitiers et d'œufs,Multiple
47.81Z,Commerce de détail alimentaire sur éventaires et marchés,"- le commerce de détail sur éventaires et marchés de café, thé, huiles, farine, sucre, pâtes, etc. - le commerce de détail sur éventaires et marchés d'autres produits alimentaires non cités ailleurs - le commerce de détail sur éventaires et marchés de plats préparés, à l'exception de la consommation immédiate sur place - le commerce de détail sur éventaires et marchés de compléments alimentaires destinés à la consommation humaine, par exemple compléments diététiques, produits de régime",47.27H,Commerce de détail spécialisé d’autres produits d’épicerie et d’autres produits alimentaires n.c.a.,Multiple
47.82Z,"Commerce de détail de textiles, d'habillement et de chaussures sur éventaires et marchés","- le commerce de détail sur éventaires et marchés de tissus - le commerce de détail sur éventaires et marchés de fils à tricoter - le commerce de détail sur éventaires et marchés de matériaux de base pour la fabrication de tapis, de tapisseries ou de broderies - le commerce de détail sur éventaires et marchés de textiles - le commerce de détail sur éventaires et marchés d'articles de mercerie : aiguilles, fils à coudre, etc. - le commerce de détail sur éventaires et marchés de bâches - le commerce de détail sur éventaires et marchés de linge de lit",47.51Y,Commerce de détail de textiles,Multiple
47.82Z,"Commerce de détail de textiles, d'habillement et de chaussures sur éventaires et marchés","- le commerce de détail sur éventaires et marchés d'articles d'habillement, y compris de sous-vêtements - le commerce de détail sur éventaires et marchés d'articles en fourrure - le commerce de détail sur éventaires et marchés d'accessoires vestimentaires, par exemple gants, cravates, bretelles - le commerce de détail sur éventaires et marchés de vêtements de travail, d'uniformes, de déguisements, de costumes de carnaval, etc.",47.71Y,Commerce de détail d’habillement,Multiple
47.82Z,"Commerce de détail de textiles, d'habillement et de chaussures sur éventaires et marchés",- le commerce de détail sur éventaires et marchés de chaussures (hors chaussures à usage exclusivement sportif),47.72G,Commerce de détail de chaussures,Multiple
47.82Z,"Commerce de détail de textiles, d'habillement et de chaussures sur éventaires et marchés",- le commerce de détail sur éventaires et marchés d'articles en cuir - le commerce de détail sur éventaires et marchés d'accessoires de voyage en cuir et substituts du cuir,47.72H,Commerce de détail de maroquinerie et d'articles de voyage,Multiple
47.82Z,"Commerce de détail de textiles, d'habillement et de chaussures sur éventaires et marchés",- le commerce de détail sur éventaires et marchés de textiles et de vêtements d'occasion,47.79H,Commerce de détail d’autres biens d’occasion,Multiple
47.89Z,Autres commerces de détail sur éventaires et marchés,"- le commerce de détail sur éventaires et marchés d'une grande variété de marchandises (par exemple, vêtements, meubles, appareils, quincaillerie, cosmétiques, bijoux, jouets, articles de sport) parmi lesquelles les produits alimentaires, les boissons ou le tabac ne sont pas prédominants",47.12H,Autre commerce de détail non spécialisé en magasin de moins de 2500 m² ou hors magasin,Multiple
47.89Z,Autres commerces de détail sur éventaires et marchés,"- le commerce de détail sur éventaires et marchés de : • ordinateurs • équipements périphériques d'ordinateurs, par exemple imprimantes, photocopieuses, tableaux blancs interactifs, équipements de vidéoconférence • consoles de jeux vidéo • logiciels non personnalisés, y compris les jeux vidéo, fournis sur un support physique, avec un droit d'utilisation perpétuel • équipements audio et vidéo • équipements de radio et de télévision • supports enregistrables • lecteurs et enregistreurs de supports d'enregistrement • téléphones intelligents, téléphones mobiles et téléphones ordinaires et leurs accessoires, par exemple chargeurs, kits mains libres, films de protection et étuis",47.40Y,Commerce de détail d’équipements de l’information et de la communication,Multiple
47.89Z,Autres commerces de détail sur éventaires et marchés,"- le commerce de détail sur éventaires et marchés de : • quincaillerie • peintures, vernis et laques • solvants, white spirit et autres produits de droguerie • verre plat • autres matériaux de construction, par exemple briques, tuiles, parpaings, bois, planches, matériaux d'isolation • équipements sanitaires et de chauffage • matériel de bricolage, matériel et équipement électrique et de plomberie • outils, par exemple marteaux, scies, tournevis et autres outils à main, y compris outils à main électriques • matériaux liés aux énergies renouvelables, par exemple capteurs solaires non électriques et panneaux photovoltaïques, sans installation • alarmes incendie électriques ou électroniques, extincteurs, blocs d'urgence, systèmes de désenfumage, coffres-forts et chambres fortes, sans services d'installation ou d'entretien • portes et fenêtres et volets de tous matériaux • matériel de jardinage et d'aménagement paysager, par exemple tondeuses à gazon • saunas, piscines et spas, y compris en kit, etc., sans installation",47.52H,"Commerce de détail de quincaillerie, de matériaux de construction et de bricolage, de peinture et de verre en magasin de plus de 400 m² ou hors magasin",Multiple
47.89Z,Autres commerces de détail sur éventaires et marchés,"- le commerce de détail sur éventaires et marchés de tapis et moquettes - le commerce de détail sur éventaires et marchés de rideaux et de voilages - le commerce de détail sur éventaires et marchés de revêtements muraux ou de sol, par exemple papier peint, carrelage, stratifiés et revêtements de sol en vinyle",47.53Y,"Commerce de détail de tapis, moquettes et revêtements de murs et de sols",Multiple
47.89Z,Autres commerces de détail sur éventaires et marchés,- le commerce de détail sur éventaires et marchés d'appareils électroménagers,47.54Y,Commerce de détail d’appareils électroménagers,Multiple
47.89Z,Autres commerces de détail sur éventaires et marchés,"- le commerce de détail sur éventaires et marchés de : • meubles, y compris matelas et sommiers, meubles pour bébé",47.55G,Commerce de détail de meubles,Multiple
47.89Z,Autres commerces de détail sur éventaires et marchés,"- le commerce de détail sur éventaires et marchés de : • articles d'éclairage • ustensiles ménagers et couverts, vaisselle, verrerie, arts de la table, porcelaine et poterie • articles en bois, en liège et en osier • appareils ménagers non électriques • appareils ménagers solaires • parasols • articles et équipements ménagers non cités ailleurs • équipements pour bébés, par exemple voitures d'enfant, poussettes, trotteurs, porte-bébés, sièges d'auto pour bébés • voiles",47.55H,"Commerce de détail d'appareils d’éclairage, de vaisselle et d’autres équipements du foyer",Multiple
47.89Z,Autres commerces de détail sur éventaires et marchés,"- le commerce de détail sur éventaires et marchés de livres, y compris de livres audio sur support physique",47.61Y,Commerce de détail de livres,Multiple
47.89Z,Autres commerces de détail sur éventaires et marchés,"- le commerce de détail sur éventaires et marchés de périodiques et de revues - le commerce de détail sur éventaires et marchés d'articles de papeterie, de fournitures de bureau et scolaires, par exemple stylos, crayons, papier",47.62Y,Commerce de détail de journaux et autres publications périodiques et de papeterie,Multiple
47.89Z,Autres commerces de détail sur éventaires et marchés,"- le commerce de détail sur éventaires et marchés d'articles de sport, y compris le matériel de pêche, les armes et les munitions, les articles de camping, etc. - le commerce de détail sur éventaires et marchés de bateaux - le commerce de détail sur éventaires et marchés de bicyclettes, y compris les bicyclettes électriques, les monoroues, les hoverboards, les kickscooters, etc. - le commerce de détail sur éventaires et marchés d'équipements de protection pour motocyclistes - le commerce de détail sur éventaires et marchés de chaussures spéciales pour le sport, par exemple chaussures de football, patins à glace, chaussures de ski - le commerce de détail sur éventaires et marchés d'équipements sportifs spéciaux vêtements pour le ski, les arts martiaux, la danse classique, etc. - le commerce de détail sur éventaires et marchés de parachutes, de tentes, de sacs de couchage, etc.",47.63Y,Commerce de détail d’articles de sport,Multiple
47.89Z,Autres commerces de détail sur éventaires et marchés,"- le commerce de détail sur éventaires et marchés de jeux et jouets en tous matériaux - le commerce de détail sur éventaires et marchés d'articles de fête, par exemple masques, articles de fête (cotillons, blagues, etc.), articles de magie - le commerce de détail sur éventaires et marchés de drones jouets",47.64Y,Commerce de détail de jeux et jouets,Multiple
47.89Z,Autres commerces de détail sur éventaires et marchés,"- le commerce de détail sur éventaires et marchés de supports enregistrés - le commerce de détail sur éventaires et marchés d'instruments de musique, de partitions et d'accessoires connexes, par exemple cordes, pupitres, métronomes - le commerce de détail sur éventaires et marchés de philatélie, numismatique et objets de collection, par exemple timbres et pièces de monnaie - le commerce de détail sur éventaires et marchés de fournitures artistiques, notamment de perles, d'argile, de toiles, de couleurs à l'huile et à l'eau, etc.",47.69Y,Commerce de détail de biens culturels et de loisirs n.c.a.,Multiple
47.89Z,Autres commerces de détail sur éventaires et marchés,"- le commerce de détail sur éventaires et marchés de lunettes de vue, de lentilles et de lunettes de soleil - le commerce de détail sur éventaires et marchés de lunettes de soleil non correctrices",47.74G,Commerce de détail d'optique,Multiple
47.89Z,Autres commerces de détail sur éventaires et marchés,"- le commerce de détail sur éventaires et marchés d'appareils auditifs - le commerce de détail sur éventaires et marchés de chaussures orthopédiques - le commerce de détail sur éventaires et marchés de béquilles et de fauteuils roulants - le commerce de détail sur éventaires et marchés de prothèses orthopédiques - le commerce de détail sur éventaires et marchés de colliers cervicaux et de corsets - le commerce de détail sur éventaires et marchés de produits élastocompressifs, par exemple bas élastiques, manchons",47.74H,Commerce de détail d’autres articles médicaux et orthopédiques,Multiple
47.89Z,Autres commerces de détail sur éventaires et marchés,"- le commerce de détail sur éventaires et marchés de produits de parfumerie, de cosmétiques, d'articles de toilette, de produits de soins personnels, etc.",47.75Y,Commerce de détail de parfumerie et de produits de beauté,Multiple
47.89Z,Autres commerces de détail sur éventaires et marchés,"- le commerce de détail sur éventaires et marchés de fleurs et de plantes - le commerce de détail sur éventaires et marchés d'engrais et de produits phytosanitaires - le commerce de détail sur éventaires et marchés d'animaux de compagnie et d'articles pour animaux de compagnie - le commerce de détail sur éventaires et marchés d'aliments pour animaux de compagnie et autres animaux d'agrément, tels que poulets, chevaux, etc. - le commerce de détail sur éventaires et marchés d'articles de toilette, de produits d'hygiène, etc. pour animaux de compagnie",47.76Y,"Commerce de détail de fleurs, plantes, engrais, animaux de compagnie et aliments pour ces animaux",Multiple
47.89Z,Autres commerces de détail sur éventaires et marchés,- le commerce de détail sur éventaires et marchés d'articles d'horlogerie et de bijouterie - le commerce de détail sur éventaires et marchés d'articles d'orfèvrerie,47.77Y,Commerce de détail d’articles d’horlogerie et de bijouterie,Multiple
47.89Z,Autres commerces de détail sur éventaires et marchés,"- le commerce de détail sur éventaires et marchés de fioul domestique, de gaz en bouteille, de charbon et de bois de chauffage, de granulés de bois ou de biomasse",47.78G,Commerce de détail de charbons et combustibles,Multiple
47.89Z,Autres commerces de détail sur éventaires et marchés,"- le commerce de détail sur éventaires et marchés de matériel photographique et de précision - le commerce de détail sur éventaires et marchés d'équipements optiques, à l'exclusion des lunettes et des lentilles, par exemple télescopes, microscopes, jumelles - le commerce de détail sur éventaires et marchés d'articles d'emballage - le commerce de détail sur éventaires et marchés d'articles funéraires et de cimetière, par exemple urnes, pierres tombales - le commerce de détail sur éventaires et marchés d'articles de bijouterie de fantaisie - le commerce de détail sur éventaires et marchés de produits de nettoyage, par exemple détergents, éponges - le commerce de détail sur éventaires et marchés de souvenirs, d'artisanat et d'articles religieux - le commerce de détail sur éventaires et marchés de produits non alimentaires non cités ailleurs - le commerce de détail sur éventaires et marchés de fleurs et plantes artificielles",47.78H,Commerce de détail spécialisé d’autres biens neufs n.c.a.,Multiple
47.89Z,Autres commerces de détail sur éventaires et marchés,- le commerce de détail sur éventaires et marchés d'antiquités et de livres anciens,47.79G,Commerce de détail d’antiquités et livres anciens,Multiple
47.89Z,Autres commerces de détail sur éventaires et marchés,- le commerce de détail sur éventaires et marchés de livres d'occasion (à l’exception des livres anciens) - le commerce de détail sur éventaires et marchés de meubles d'occasion - le commerce de détail sur éventaires et marchés d'appareils ménagers d'occasion - le commerce de détail sur éventaires et marchés d'autres biens d'occasion,47.79H,Commerce de détail d’autres biens d’occasion,Multiple
47.91A,Vente à distance sur catalogue général,"- le commerce de détail par correspondance ou par Internet d'une grande variété de produits (par exemple, vêtements, meubles, appareils, quincaillerie, cosmétiques), parmi lesquels les produits alimentaires, les boissons ou le tabac doivent toutefois être prédominants (hors activités d’intermédiation)",47.11L,Commerce de détail non spécialisé à prédominance alimentaire hors magasin,Multiple
47.91A,Vente à distance sur catalogue général,"- le commerce de détail par correspondance ou par Internet d'une grande variété de produits (par exemple, vêtements, meubles, appareils, matériel, cosmétiques, bijoux, jouets, articles de sport) dont les produits alimentaires, les boissons ou le tabac ne sont pas prédominants (hors activités d’intermédiation)",47.12H,Autre commerce de détail non spécialisé en magasin de moins de 2500 m² ou hors magasin,Multiple
47.91A,Vente à distance sur catalogue général,- les activités de service d’intermédiation,47.91Y,Activités de service d’intermédiation pour le commerce de détail non spécialisé,Multiple
47.91B,Vente à distance sur catalogue spécialisé,"- le commerce de détail par correspondance ou par Internet de fruits et légumes frais, y compris les fruits et légumes frais coupés - le commerce de détail par correspondance ou par Internet de fruits et légumes séchés et en conserve (hors activités d’intermédiation)",47.21Y,Commerce de détail de fruits et légumes,Multiple
47.91B,Vente à distance sur catalogue spécialisé,"- le commerce de détail par correspondance ou par Internet de viande et de produits à base de viande, y compris la volaille et le gibier - le commerce de détail par correspondance ou par Internet de tripes, de charcuterie, de viande salée - le commerce de détail par correspondance ou par Internet d'escargots (hors activités d’intermédiation)",47.22Y,Commerce de détail de viande et de produits à base de viande,Multiple
47.91B,Vente à distance sur catalogue spécialisé,"- le commerce de détail par correspondance ou par Internet de poissons, de fruits de mer, de produits de la mer et de leurs préparations - le commerce de détail par correspondance ou par Internet d'algues et de plantes marines (hors activités d’intermédiation)",47.23Y,"Commerce de détail de poisson, de crustacés et de mollusques",Multiple
47.91B,Vente à distance sur catalogue spécialisé,"- le commerce de détail par correspondance ou par Internet de pains, gâteaux et confiseries - le commerce de détail par correspondance ou par Internet de pains et petits pains cuits sur place à partir de produits précuits - le commerce de détail par correspondance ou par Internet de pains prêts à consommer préparés par des machines automatiques (hors activités d’intermédiation)",47.24Y,"Commerce de détail de pain, de pâtisserie et de confiserie",Multiple
47.91B,Vente à distance sur catalogue spécialisé,"- le commerce de détail par correspondance ou par Internet de boissons alcoolisées et non alcoolisées, non destinées à la consommation ou fabriquées sur place - le commerce de détail par correspondance ou par Internet de jus de fruits et de légumes (hors activités d’intermédiation)",47.25Y,Commerce de détail de boissons,Multiple
47.91B,Vente à distance sur catalogue spécialisé,"- le commerce de détail par correspondance ou par Internet de tabac sous toutes ses formes (cigarettes, cigares, tabac à pipe, tabac à mâcher, etc.) - le commerce de détail par correspondance ou par internet de produits et d'accessoires liés au tabac et au tabagisme, y compris les briquets, les pipes, le matériel pour rouler les cigarettes, etc. - le commerce de détail par correspondance ou par internet de cigarettes électroniques et d'e-liquides utilisés dans les dispositifs de vapotage (hors activités d’intermédiation)",47.26Y,Commerce de détail de produits à base de tabac,Multiple
47.91B,Vente à distance sur catalogue spécialisé,"- le commerce de détail par correspondance ou par Internet de produits laitiers, y compris le lait et les préparations à base de fromage, et d'œufs (hors activités d’intermédiation)",47.27G,Commerce de détail de produits laitiers et d'œufs,Multiple
47.91B,Vente à distance sur catalogue spécialisé,"- le commerce de détail par correspondance ou par Internet de café, de thé, d'huiles, de farine, de sucre, de pâtes, etc. - le commerce de détail par correspondance ou par Internet d'autres produits alimentaires non cités ailleurs - le commerce de détail par correspondance ou par Internet de plats préparés, à l'exception de la consommation immédiate sur place - le commerce de détail par correspondance ou par Internet de compléments alimentaires destinés à la consommation humaine, par exemple compléments diététiques, produits de régime (hors activités d’intermédiation)",47.27H,Commerce de détail spécialisé d’autres produits d’épicerie et d’autres produits alimentaires n.c.a.,Multiple
47.91B,Vente à distance sur catalogue spécialisé,"- le commerce de détail par correspondance ou par internet d'ordinateurs - le commerce de détail par correspondance ou par Internet d'équipements informatiques périphériques, par exemple imprimantes, photocopieuses, tableaux blancs interactifs, équipements de vidéoconférence - le commerce de détail par correspondance ou par Internet de consoles de jeux vidéo - le commerce de détail par correspondance ou par Internet de logiciels non personnalisés, y compris les jeux vidéo, fournis sur un support physique, avec un droit d'utilisation perpétuel - le commerce de détail par correspondance ou par Internet d'équipements audio et vidéo - le commerce de détail par correspondance ou par Internet d'équipements de radio et de télévision - le commerce de détail par correspondance ou par Internet de supports enregistrables - le commerce de détail par correspondance ou par Internet de lecteurs et d'enregistreurs de supports d'enregistrement - le commerce de détail par correspondance ou par internet de téléphones intelligents, de téléphones mobiles et de téléphones et de leurs accessoires, par exemple chargeurs, kits mains libres, films de protection et étuis (hors activités d’intermédiation)",47.40Y,Commerce de détail d’équipements de l’information et de la communication,Multiple
47.91B,Vente à distance sur catalogue spécialisé,"- le commerce de détail par correspondance ou par Internet de tissus - le commerce de détail par correspondance ou par Internet de fils à tricoter - le commerce de détail par correspondance ou par Internet de matériaux de base pour la fabrication de tapis, de tapisseries ou de broderies - le commerce de détail par correspondance ou par Internet de textiles - le commerce de détail par correspondance ou par Internet d'articles de mercerie : aiguilles, fils à coudre, etc. - le commerce de détail par correspondance ou par Internet de bâches - le commerce de détail par correspondance ou par Internet de linge de lit (hors activités d’intermédiation)",47.51Y,Commerce de détail de textiles,Multiple
47.91B,Vente à distance sur catalogue spécialisé,"- le commerce de détail par correspondance ou par Internet de quincaillerie - le commerce de détail par correspondance ou par Internet de peintures, vernis et laques - le commerce de détail par correspondance ou par Internet de solvants, de white spirit et d'autres produits de droguerie - le commerce de détail par correspondance ou par Internet de verre plat - le commerce de détail par correspondance ou par Internet d'autres matériaux de construction, par exemple briques, tuiles, parpaings, bois, planches, matériaux d'isolation - le commerce de détail par correspondance ou par Internet d'équipements sanitaires et de chauffage - le commerce de détail par correspondance ou par Internet de matériel de bricolage, de matériel et d'équipement électrique et de plomberie - le commerce de détail par correspondance ou par Internet d'outils, par exemple marteaux, scies, tournevis et autres outils à main, y compris les outils à main électriques - le commerce de détail par correspondance ou par Internet de matériaux pour les énergies renouvelables, par exemple les capteurs solaires non électriques et les panneaux photovoltaïques, sans installation - le commerce de détail par correspondance ou par Internet d'alarmes incendie électriques ou électroniques, d'extincteurs, de blocs d'urgence, de systèmes de désenfumage, de coffres-forts et de chambres fortes, sans services d'installation ou d'entretien - le commerce de détail par correspondance ou par Internet de portes, fenêtres et volets en tous matériaux - le commerce de détail par correspondance ou par Internet de quincaillerie - le commerce de détail par correspondance ou par Internet de peintures, vernis et laques - le commerce de détail par correspondance ou par Internet de solvants, white-spirit et autres produits de droguerie - le commerce de détail par correspondance ou par Internet de verre plat - le commerce de détail par correspondance ou par Internet d'autres matériaux de construction, par exemple briques, tuiles, parpaings, bois, planches, matériaux d'isolation - le commerce de détail par correspondance ou par Internet d'équipements sanitaires et de chauffage - le commerce de détail par correspondance ou par Internet de matériel de bricolage, de matériel et d'équipement électrique et de plomberie - le commerce de détail par correspondance ou par Internet d'outils, par exemple marteaux, scies, tournevis et autres outils à main, y compris les outils à main électriques - le commerce de détail par correspondance ou par Internet de matériaux pour les énergies renouvelables, par exemple les capteurs solaires non électriques et les panneaux photovoltaïques, sans installation - le commerce de détail par correspondance ou par Internet d'alarmes incendie électriques ou électroniques, d'extincteurs, de blocs d'urgence, de systèmes de désenfumage, de coffres-forts et de chambres fortes, sans services d'installation ou d'entretien - le commerce de détail par correspondance ou par Internet de portes, fenêtres et volets en tous matériaux - le commerce de détail par correspondance ou par Internet d'équipements de jardinage et d'aménagement paysager, par exemple de tondeuses à gazon - le commerce de détail par correspondance ou par Internet de saunas, de piscines et de spas, y compris en kit, etc. (hors activités d’intermédiation)",47.52H,"Commerce de détail de quincaillerie, de matériaux de construction et de bricolage, de peinture et de verre en magasin de plus de 400 m² ou hors magasin",Multiple
47.91B,Vente à distance sur catalogue spécialisé,"- le commerce de détail par correspondance ou par Internet de tapis et moquettes - le commerce de détail par correspondance ou par Internet de rideaux et de voilages - le commerce de détail par correspondance ou par Internet de revêtements muraux ou de sol, par exemple de papiers peints, de carrelages, de stratifiés et de revêtements de sol en vinyle (hors activités d’intermédiation)",47.53Y,"Commerce de détail de tapis, moquettes et revêtements de murs et de sols",Multiple
47.91B,Vente à distance sur catalogue spécialisé,- le commerce de détail par correspondance ou par Internet d'appareils électroménagers (hors activités d’intermédiation),47.54Y,Commerce de détail d’appareils électroménagers,Multiple
47.91B,Vente à distance sur catalogue spécialisé,"- le commerce de détail par correspondance ou par Internet de meubles, y compris les matelas et les sommiers à ressorts, les meubles pour bébé (hors activités d’intermédiation)",47.55G,Commerce de détail de meubles,Multiple
47.91B,Vente à distance sur catalogue spécialisé,"- le commerce de détail par correspondance ou par Internet d'articles d'éclairage - le commerce de détail par correspondance ou par Internet d'ustensiles ménagers et de couverts, de vaisselle, de verrerie, d'articles de table, de porcelaine et de poterie - le commerce de détail par correspondance ou par Internet d'articles en bois, en liège et en osier - le commerce de détail par correspondance ou par Internet d'appareils ménagers non électriques, - le commerce de détail par correspondance ou par Internet d'appareils électroménagers solaires - le commerce de détail par correspondance ou par Internet de parasols - le commerce de détail par correspondance ou par Internet d'articles et d'équipements ménagers non cités ailleurs - le commerce de détail par correspondance ou par Internet d'équipements pour bébés, par exemple voitures d'enfant, poussettes, trotteurs, porte-bébés, sièges d'auto pour bébés - le commerce de détail par correspondance ou par Internet de voiles (hors activités d’intermédiation)",47.55H,"Commerce de détail d'appareils d’éclairage, de vaisselle et d’autres équipements du foyer",Multiple
47.91B,Vente à distance sur catalogue spécialisé,"- le commerce de détail par correspondance ou par Internet de livres, y compris de livres audio sur support physique (hors activités d’intermédiation)",47.61Y,Commerce de détail de livres,Multiple
47.91B,Vente à distance sur catalogue spécialisé,"- le commerce de détail par correspondance ou par Internet de périodiques et de revues - le commerce de détail par correspondance ou par Internet d'articles de papeterie, de fournitures de bureau et de fournitures scolaires, par exemple stylos, crayons, papier (hors activités d’intermédiation)",47.62Y,Commerce de détail de journaux et autres publications périodiques et de papeterie,Multiple
47.91B,Vente à distance sur catalogue spécialisé,"- le commerce de détail par correspondance ou par Internet d'articles de sport, y compris d'articles de pêche, d'armes et de munitions, d'articles de camping, etc. - le commerce de détail par correspondance ou par Internet de bateaux - le commerce de détail par correspondance ou par Internet de bicyclettes, y compris les bicyclettes électriques, les monoroues, les hoverboards, les kickscooters, etc. - le commerce de détail par correspondance ou par Internet d'équipements de protection pour motocyclistes - le commerce de détail par correspondance ou par Internet de chaussures spéciales pour le sport, par exemple les chaussures de football, les patins à glace, les chaussures de ski - le commerce de détail par correspondance ou par Internet d'équipements sportifs spéciaux vêtements pour le ski, les arts martiaux, le ballet, etc. - le commerce de détail par correspondance ou par Internet de parachutes, tentes, sacs de couchage, etc. (hors activités d’intermédiation)",47.63Y,Commerce de détail d’articles de sport,Multiple
47.91B,Vente à distance sur catalogue spécialisé,"- le commerce de détail par correspondance ou par Internet de jeux et de jouets en tous genres - le commerce de détail par correspondance ou par Internet d'articles de fête, par exemple de masques, d'articles de fête (cotillons, blagues, etc.), d'articles de magie - le commerce de détail par correspondance ou par Internet de drones jouets (hors activités d’intermédiation)",47.64Y,Commerce de détail de jeux et jouets,Multiple
47.91B,Vente à distance sur catalogue spécialisé,"- le commerce de détail par correspondance ou par Internet de supports enregistrés - le commerce de détail par correspondance ou par Internet d'instruments de musique, de partitions et d'accessoires connexes, par exemple cordes, pupitres, métronomes - le commerce de détail par correspondance ou par Internet d'articles de philatélie, de numismatique et de collection, par exemple de timbres et de pièces de monnaie - le commerce de détail par correspondance ou par Internet de fournitures artistiques, notamment de perles, d'argile, de toiles, de couleurs à l'huile et à l'eau, etc. (hors activités d’intermédiation)",47.69Y,Commerce de détail de biens culturels et de loisirs n.c.a.,Multiple
47.91B,Vente à distance sur catalogue spécialisé,"- le commerce de détail par correspondance ou par Internet d'articles d'habillement, y compris de sous-vêtements - le commerce de détail par correspondance ou par Internet d'articles de fourrure - le commerce de détail par correspondance ou par Internet d'accessoires vestimentaires, par exemple gants, cravates, bretelles - le commerce de détail par correspondance ou par Internet de vêtements de travail, d'uniformes, de déguisements, de costumes de carnaval, etc. (hors activités d’intermédiation)",47.71Y,Commerce de détail d’habillement,Multiple
47.91B,Vente à distance sur catalogue spécialisé,- le commerce de détail par correspondance ou par Internet de chaussures (à l’exception des chaussures à usage exclusivement sportif) (hors activités d’intermédiation),47.72G,Commerce de détail de chaussures,Multiple
47.91B,Vente à distance sur catalogue spécialisé,- le commerce de détail par correspondance ou par Internet d'articles de maroquinerie - le commerce de détail par correspondance ou par Internet d'accessoires de voyage en cuir et en substituts du cuir (hors activités d’intermédiation),47.72H,Commerce de détail de maroquinerie et d'articles de voyage,Multiple
47.91B,Vente à distance sur catalogue spécialisé,- le commerce de détail par correspondance ou par Internet de produits pharmaceutiques - le commerce de détail par correspondance ou par Internet de médicaments vétérinaires - le commerce de détail par correspondance ou par Internet de produits homéopathiques et de médicaments sans ordonnance - le commerce de détail par correspondance ou par Internet de produits phytothérapeutiques et de remèdes à base de plantes médicinales (hors activités d’intermédiation),47.73Y,Commerce de détail de produits pharmaceutiques,Multiple
47.91B,Vente à distance sur catalogue spécialisé,"- le commerce de détail par correspondance ou par Internet de lunettes de vue, de lentilles et de lunettes de soleil - le commerce de détail par correspondance ou par Internet de lunettes de soleil non correctrices (hors activités d’intermédiation)",47.74G,Commerce de détail d'optique,Multiple
47.91B,Vente à distance sur catalogue spécialisé,"- le commerce de détail par correspondance ou par Internet d'appareils auditifs - le commerce de détail par correspondance ou par Internet de chaussures orthopédiques - le commerce de détail par correspondance ou par Internet de béquilles et de fauteuils roulants - le commerce de détail par correspondance ou par Internet de prothèses orthopédiques - le commerce de détail par correspondance ou par Internet de colliers cervicaux et de corsets - le commerce de détail par correspondance ou par Internet de produits élastocompressifs, par exemple de bas élastiques, de manchons (hors activités d’intermédiation)",47.74H,Commerce de détail d’autres articles médicaux et orthopédiques,Multiple
47.91B,Vente à distance sur catalogue spécialisé,"- le commerce de détail par correspondance ou par Internet de produits de parfumerie, de cosmétiques, d'articles de toilette, de produits de soins personnels, etc. (hors activités d’intermédiation)",47.75Y,Commerce de détail de parfumerie et de produits de beauté,Multiple
47.91B,Vente à distance sur catalogue spécialisé,"- le commerce de détail par correspondance ou par Internet de fleurs et de plantes - le commerce de détail par correspondance ou par Internet d'engrais et de produits phytosanitaires - le commerce de détail par correspondance ou par Internet d'animaux de compagnie et d'articles pour animaux de compagnie - le commerce de détail par correspondance ou par Internet d'aliments pour animaux de compagnie et autres animaux d'agrément, tels que poulets, chevaux, etc. - le commerce de détail par correspondance ou par Internet d'articles de toilette, de produits d'hygiène, etc. pour animaux de compagnie (hors activités d’intermédiation)",47.76Y,"Commerce de détail de fleurs, plantes, engrais, animaux de compagnie et aliments pour ces animaux",Multiple
47.91B,Vente à distance sur catalogue spécialisé,- le commerce de détail par correspondance ou par Internet de montres et de bijoux - le commerce de détail par correspondance ou par Internet d'articles d'orfèvrerie (hors activités d’intermédiation),47.77Y,Commerce de détail d’articles d’horlogerie et de bijouterie,Multiple
47.91B,Vente à distance sur catalogue spécialisé,"- le commerce de détail par correspondance ou par Internet de fioul domestique, de gaz en bouteille, de charbon et de bois de chauffage, de granulés de bois ou de biomasse (hors activités d’intermédiation)",47.78G,Commerce de détail de charbons et combustibles,Multiple
47.91B,Vente à distance sur catalogue spécialisé,"- le commerce de détail par correspondance ou par Internet d'équipements photographiques et de précision - le commerce de détail par correspondance ou par Internet d'équipements optiques, à l'exclusion des lunettes et des lentilles, par exemple télescopes, microscopes, jumelles - le commerce de détail par correspondance ou par Internet d'articles d'emballage - le commerce de détail par correspondance ou par Internet d'articles funéraires et de cimetière, par exemple d'urnes et de pierres tombales - le commerce de détail par correspondance ou par Internet d'articles de bijouterie de fantaisie - le commerce de détail par correspondance ou par Internet de produits d'entretien, par exemple de détergents, d'éponges - le commerce de détail par correspondance ou par Internet de souvenirs, d'artisanat et d'articles religieux - le commerce de détail par correspondance ou par Internet de produits non alimentaires non cités ailleurs - le commerce de détail par correspondance ou par Internet de fleurs et plantes artificielles (hors activités d’intermédiation)",47.78H,Commerce de détail spécialisé d’autres biens neufs n.c.a.,Multiple
47.91B,Vente à distance sur catalogue spécialisé,- le commerce de détail par correspondance ou par Internet d'antiquités et de livres anciens (hors activités d’intermédiation),47.79G,Commerce de détail d’antiquités et livres anciens,Multiple
47.91B,Vente à distance sur catalogue spécialisé,- le commerce de détail par correspondance ou par Internet de livres d'occasion (à l’exception des livres anciens) - le commerce de détail par correspondance ou par Internet de vêtements d'occasion - le commerce de détail par correspondance ou par Internet de meubles d'occasion - le commerce de détail par correspondance ou par Internet d'appareils ménagers d'occasion - le commerce de détail par correspondance ou par Internet d'autres biens d'occasion (hors activités d’intermédiation),47.79H,Commerce de détail d’autres biens d’occasion,Multiple
47.91B,Vente à distance sur catalogue spécialisé,- les activités de service d’intermédiation pour le commerce de détail de véhicules automobiles,47.92G,Activités de service d’intermédiation pour le commerce de détail de véhicules automobiles,Multiple
47.91B,Vente à distance sur catalogue spécialisé,- les activités de service d’intermédiation pour le commerce de détail de journaux et de produits à base de tabac,47.92H,Activités de service d’intermédiation pour le commerce de détail de journaux et de produits à base de tabac,Multiple
47.91B,Vente à distance sur catalogue spécialisé,- les activités de service d'intermédiation pour le commerce de détail spécialisé d’autres biens,47.92J,Activités de service d'intermédiation pour le commerce de détail spécialisé d’autres biens,Multiple
47.99A,Vente à domicile,"- le commerce de détail d'une grande variété de marchandises (par exemple, vêtements, meubles, appareils, quincaillerie, cosmétiques) parmi lesquelles, toutefois, les produits alimentaires, les boissons ou le tabac doivent être prédominants (hors activités d’intermédiation)",47.11L,Commerce de détail non spécialisé à prédominance alimentaire hors magasin,Multiple
47.99A,Vente à domicile,"- le commerce de détail d'une grande variété de marchandises (par exemple, vêtements, meubles, appareils, quincaillerie, cosmétiques, bijoux, jouets, articles de sport) dont les produits alimentaires, les boissons ou le tabac ne sont pas prédominants (hors activités d’intermédiation)",47.12H,Autre commerce de détail non spécialisé en magasin de moins de 2500 m² ou hors magasin,Multiple
47.99A,Vente à domicile,"- le commerce de détail de fruits et légumes frais, y compris coupés - le commerce de détail de fruits et légumes séchés et en conserve (hors activités d’intermédiation)",47.21Y,Commerce de détail de fruits et légumes,Multiple
47.99A,Vente à domicile,"- le commerce de détail de viandes et produits à base de viande, y compris la volaille et le gibier - le commerce de détail de tripes, de charcuterie et de viande salée - le commerce de détail d'escargots (hors activités d’intermédiation)",47.22Y,Commerce de détail de viande et de produits à base de viande,Multiple
47.99A,Vente à domicile,"- le commerce de détail de poissons, fruits de mer, produits de la mer et préparations à base de ces produits - le commerce de détail d'algues et d'herbes marines (hors activités d’intermédiation)",47.23Y,"Commerce de détail de poisson, de crustacés et de mollusques",Multiple
47.99A,Vente à domicile,"- le commerce de détail de pains, gâteaux et confiseries - le commerce de détail de pains et petits pains cuits sur place à partir de produits précuits - le commerce de détail de pains prêts à consommer préparés par des machines automatiques (hors activités d’intermédiation)",47.24Y,"Commerce de détail de pain, de pâtisserie et de confiserie",Multiple
47.99A,Vente à domicile,"- le commerce de détail de boissons alcoolisées et non alcoolisées, non destinées à la consommation ou fabriquées sur place - le commerce de détail de jus de fruits et de légumes (hors activités d’intermédiation)",47.25Y,Commerce de détail de boissons,Multiple
47.99A,Vente à domicile,"- le commerce de détail de tabac sous toutes ses formes (cigarettes, cigares, tabac à pipe, tabac à mâcher, etc.) - le commerce de détail de tabac et de produits et accessoires pour fumeurs, y compris les briquets, les pipes, le matériel pour rouler les cigarettes, etc. - le commerce de détail de cigarettes électroniques et d'e-liquides utilisés dans les dispositifs de vapotage (hors activités d’intermédiation)",47.26Y,Commerce de détail de produits à base de tabac,Multiple
47.99A,Vente à domicile,"- le commerce de détail de produits laitiers, y compris le lait et les préparations fromagères, et d'œufs (hors activités d’intermédiation)",47.27G,Commerce de détail de produits laitiers et d'œufs,Multiple
47.99A,Vente à domicile,"- le commerce de détail de café, thé, huiles, farine, sucre, pâtes, etc. - le commerce de détail d'autres produits alimentaires non cités ailleurs - le commerce de détail de plats préparés, sauf pour consommation immédiate sur place - le commerce de détail de compléments alimentaires destinés à l'alimentation humaine, par exemple compléments diététiques, produits de régime (hors activités d’intermédiation)",47.27H,Commerce de détail spécialisé d’autres produits d’épicerie et d’autres produits alimentaires n.c.a.,Multiple
47.99A,Vente à domicile,"- le commerce de détail d'ordinateurs - le commerce de détail d'équipements périphériques d'ordinateurs, par exemple imprimantes, photocopieuses, tableaux blancs interactifs, équipements de vidéoconférence - le commerce de détail de consoles de jeux vidéo - le commerce de détail de logiciels non personnalisés, y compris les jeux vidéo, fournis sur un support physique, avec un droit d'utilisation perpétuel - le commerce de détail d'équipements audio et vidéo - le commerce de détail d'équipements de radio et de télévision - le commerce de détail de supports enregistrables - le commerce de détail de lecteurs et d'enregistreurs de supports d'enregistrement - le commerce de détail de téléphones intelligents, de téléphones mobiles et de téléphones et de leurs accessoires, par exemple chargeurs, kits mains libres, films de protection et étuis (hors activités d’intermédiation)",47.40Y,Commerce de détail d’équipements de l’information et de la communication,Multiple
47.99A,Vente à domicile,"- le commerce de détail de tissus - le commerce de détail de fils à tricoter - le commerce de détail de matériaux de base pour la fabrication de tapis, de tapisseries et de broderies - le commerce de détail de textiles - le commerce de détail d'articles de mercerie : aiguilles, fils à coudre, etc. - le commerce de détail de bâches - le commerce de détail de linge de lit (hors activités d’intermédiation)",47.51Y,Commerce de détail de textiles,Multiple
47.99A,Vente à domicile,"- le commerce de détail de quincaillerie - le commerce de détail de peintures, vernis et laques - le commerce de détail de solvants, de white-spirit et d'autres produits de droguerie - le commerce de détail de verre plat - le commerce de détail d'autres matériaux de construction, par exemple briques, tuiles, parpaings, bois, planches de plancher, matériaux d'isolation - le commerce de détail d'équipements sanitaires et de chauffage - le commerce de détail de matériel de bricolage, de matériel et d'équipement électrique et de plomberie - le commerce de détail d'outils, tels que marteaux, scies, tournevis et autres outils à main, y compris les outils à main électriques - le commerce de détail de matériaux pour les énergies renouvelables, par exemple les capteurs solaires non électriques et les panneaux photovoltaïques, sans installation - le commerce de détail d'alarmes incendie électriques ou électroniques, d'extincteurs, de blocs d'urgence, de systèmes de désenfumage, de coffres-forts et de chambres fortes, sans services d'installation ou d'entretien - le commerce de détail de portes et fenêtres et de volets en tous matériaux - le commerce de détail de matériel de jardinage et d'aménagement paysager, par exemple tondeuses à gazon - le commerce de détail de saunas, piscines et spas, y compris en kit, etc., sans installation (hors activités d’intermédiation)",47.52H,"Commerce de détail de quincaillerie, de matériaux de construction et de bricolage, de peinture et de verre en magasin de plus de 400 m² ou hors magasin",Multiple
47.99A,Vente à domicile,"- le commerce de détail de tapis et moquettes - le commerce de détail de rideaux et de voilages - le commerce de détail de revêtements muraux ou de sol, par exemple papier peint, carrelage, stratifiés et revêtements de sol en vinyle (hors activités d’intermédiation)",47.53Y,"Commerce de détail de tapis, moquettes et revêtements de murs et de sols",Multiple
47.99A,Vente à domicile,- le commerce de détail d'appareils électroménagers (hors activités d’intermédiation),47.54Y,Commerce de détail d’appareils électroménagers,Multiple
47.99A,Vente à domicile,"- le commerce de détail de meubles, y compris matelas et sommiers et meubles pour bébé (hors activités d’intermédiation)",47.55G,Commerce de détail de meubles,Multiple
47.99A,Vente à domicile,"- le commerce de détail d'articles d'éclairage - le commerce de détail d'ustensiles ménagers et de couverts, de vaisselle, de verrerie, de vaisselle de table, de porcelaine et de poterie - le commerce de détail d'articles en bois, liège et vannerie - le commerce de détail d'appareils ménagers non électriques, - le commerce de détail d'appareils électroménagers solaires - le commerce de détail de parasols - le commerce de détail d'articles et d'équipements ménagers non cités ailleurs - le commerce de détail d'équipements pour bébés, par exemple voitures d'enfant, poussettes, trotteurs, porte-bébés, sièges d'auto pour bébés - le commerce de détail de voiles (hors activités d’intermédiation)",47.55H,"Commerce de détail d'appareils d’éclairage, de vaisselle et d’autres équipements du foyer",Multiple
47.99A,Vente à domicile,"- le commerce de détail de livres, y compris de livres audio sur support physique (hors activités d’intermédiation)",47.61Y,Commerce de détail de livres,Multiple
47.99A,Vente à domicile,"- le commerce de détail de périodiques et de revues - le commerce de détail d'articles de papeterie, de fournitures de bureau et scolaires, par exemple stylos, crayons, papier (hors activités d’intermédiation)",47.62Y,Commerce de détail de journaux et autres publications périodiques et de papeterie,Multiple
47.99A,Vente à domicile,"- le commerce de détail d'articles de sport, y compris le matériel de pêche, d'armes et de munitions, d'articles de camping, etc. - le commerce de détail de bateaux - le commerce de détail de bicyclettes, y compris les bicyclettes électriques, les monoroues, les hoverboards, les kickscooters, etc. - le commerce de détail d'équipements de protection pour motocyclistes - le commerce de détail de chaussures spéciales pour le sport, par exemple chaussures de football, patins à glace, chaussures de ski - le commerce de détail d'équipements sportifs spéciaux vêtements pour le ski, les arts martiaux, la danse classique, etc. - le commerce de détail de parachutes, tentes, sacs de couchage, etc. (hors activités d’intermédiation)",47.63Y,Commerce de détail d’articles de sport,Multiple
47.99A,Vente à domicile,"- le commerce de détail de jeux et jouets, en toutes matières - le commerce de détail d'articles de fête, par exemple masques, articles de fête (cotillons, farces, etc.), articles de magie - le commerce de détail de drones jouets (hors activités d’intermédiation)",47.64Y,Commerce de détail de jeux et jouets,Multiple
47.99A,Vente à domicile,"- le commerce de détail de supports enregistrés - le commerce de détail d'instruments de musique, de partitions et d'accessoires connexes, tels que cordes, pupitres, métronomes - le commerce de détail de philatélie, numismatique et objets de collection, par exemple timbres et pièces de monnaie - le commerce de détail d'articles d'art, y compris les perles, l'argile, les toiles, les couleurs à l'huile et à l'eau, etc. (hors activités d’intermédiation)",47.69Y,Commerce de détail de biens culturels et de loisirs n.c.a.,Multiple
47.99A,Vente à domicile,"- le commerce de détail d'articles d'habillement, y compris de sous-vêtements - le commerce de détail d'articles de fourrure - le commerce de détail d'accessoires vestimentaires, tels que gants, cravates, bretelles - le commerce de détail de vêtements de travail, d'uniformes, de déguisements, de costumes de carnaval, etc. (hors activités d’intermédiation)",47.71Y,Commerce de détail d’habillement,Multiple
47.99A,Vente à domicile,- le commerce de détail de chaussures (à l’exception des chaussures spécialisées pour le sport) (hors activités d’intermédiation),47.72G,Commerce de détail de chaussures,Multiple
47.99A,Vente à domicile,- le commerce de détail d'articles de maroquinerie - le commerce de détail d'accessoires de voyage en cuir et ses substituts (hors activités d’intermédiation),47.72H,Commerce de détail de maroquinerie et d'articles de voyage,Multiple
47.99A,Vente à domicile,"- le commerce de détail de lunettes de vue, de lentilles et de lunettes de soleil - le commerce de détail de lunettes de soleil non correctrices (hors activités d’intermédiation)",47.74G,Commerce de détail d'optique,Multiple
47.99A,Vente à domicile,"- le commerce de détail d'appareils auditifs - le commerce de détail de chaussures orthopédiques - le commerce de détail de béquilles et de fauteuils roulants - le commerce de détail de prothèses orthopédiques - le commerce de détail de colliers cervicaux et de corsets - le commerce de détail de produits élastocompressifs, tels que les bas élastiques et les manchons (hors activités d’intermédiation)",47.74H,Commerce de détail d’autres articles médicaux et orthopédiques,Multiple
47.99A,Vente à domicile,"- le commerce de détail de produits de parfumerie, de cosmétiques, d'articles de toilette, de produits de soins personnels, etc. (hors activités d’intermédiation)",47.75Y,Commerce de détail de parfumerie et de produits de beauté,Multiple
47.99A,Vente à domicile,"- le commerce de détail de fleurs et de plantes - le commerce de détail d'engrais et de produits phytosanitaires - le commerce de détail d'animaux de compagnie et d'articles pour animaux de compagnie - le commerce de détail d'aliments pour animaux de compagnie et autres animaux d'agrément, tels que les poulets et les chevaux - le commerce de détail d'articles de toilette, de produits d'hygiène, etc. pour animaux de compagnie (hors activités d’intermédiation)",47.76Y,"Commerce de détail de fleurs, plantes, engrais, animaux de compagnie et aliments pour ces animaux",Multiple
47.99A,Vente à domicile,- le commerce de détail d'horlogerie et de bijouterie - le commerce de détail d'articles d'orfèvrerie (hors activités d’intermédiation),47.77Y,Commerce de détail d’articles d’horlogerie et de bijouterie,Multiple
47.99A,Vente à domicile,"- le commerce de détail de fioul domestique, de gaz en bouteille, de charbon et de bois de chauffage, de granulés de bois ou de biomasse (hors activités d’intermédiation)",47.78G,Commerce de détail de charbons et combustibles,Multiple
47.99A,Vente à domicile,"- le commerce de détail de matériel photographique et de précision - le commerce de détail d'équipements optiques, à l'exclusion des lunettes et des lentilles, par exemple les télescopes, les microscopes, les jumelles - le commerce de détail d'articles d'emballage - le commerce de détail d'articles funéraires et de cimetière, tels que les urnes et les pierres tombales - le commerce de détail d'articles de bijouterie de fantaisie - le commerce de détail de produits de nettoyage, par exemple de détergents, d'éponges - le commerce de détail de souvenirs, d'artisanat et d'articles religieux - le commerce de détail non alimentaires non cité ailleurs - le commerce de détail de fleurs et plantes artificielles (hors activités d’intermédiation)",47.78H,Commerce de détail spécialisé d’autres biens neufs n.c.a.,Multiple
47.99A,Vente à domicile,- le commerce de détail d'antiquités et de livres anciens (hors activités d’intermédiation),47.79G,Commerce de détail d’antiquités et livres anciens,Multiple
47.99A,Vente à domicile,- le commerce de détail de livres d'occasion (à l’exception des livres anciens) - le commerce de détail de vêtements d'occasion - le commerte de détail de meubles d'occasion - le commerce de détail d'appareils ménagers d'occasion - le commerce de détail d'autres biens d'occasion (hors activités d’intermédiation),47.79H,Commerce de détail d’autres biens d’occasion,Multiple
47.99A,Vente à domicile,"- les activités d'intermédiation pour le commerce de détail non spécialisée par des commissionnaires, par exemple les VDI mandataires",47.91Y,Activités de service d’intermédiation pour le commerce de détail non spécialisé,Multiple
47.99A,Vente à domicile,- les activités de service d’intermédiation pour le commerce de détail de véhicules automobiles,47.92G,Activités de service d’intermédiation pour le commerce de détail de véhicules automobiles,Multiple
47.99A,Vente à domicile,- les activités de service d’intermédiation pour le commerce de détail de journaux et de produits à base de tabac,47.92H,Activités de service d’intermédiation pour le commerce de détail de journaux et de produits à base de tabac,Multiple
47.99A,Vente à domicile,- les activités de service d'intermédiation pour le commerce de détail spécialisé d’autres biens,47.92J,Activités de service d'intermédiation pour le commerce de détail spécialisé d’autres biens,Multiple
47.99B,"Vente par automates et autres commerces de détail hors magasin, éventaires ou marchés n.c.a.","- le commerce de détail d'une grande variété de marchandises (par exemple, vêtements, meubles, appareils, quincaillerie, cosmétiques) parmi lesquelles, toutefois, les produits alimentaires, les boissons ou le tabac doivent être prédominants (hors activités d’intermédiation)",47.11L,Commerce de détail non spécialisé à prédominance alimentaire hors magasin,Multiple
47.99B,"Vente par automates et autres commerces de détail hors magasin, éventaires ou marchés n.c.a.","- le commerce de détail d'une grande variété de marchandises (par exemple, vêtements, meubles, appareils, quincaillerie, cosmétiques, bijoux, jouets, articles de sport) dont les produits alimentaires, les boissons ou le tabac ne sont pas prédominants (hors activités d’intermédiation)",47.12H,Autre commerce de détail non spécialisé en magasin de moins de 2500 m² ou hors magasin,Multiple
47.99B,"Vente par automates et autres commerces de détail hors magasin, éventaires ou marchés n.c.a.","- le commerce de détail de fruits et légumes frais, y compris coupés - le commerce de détail de fruits et légumes séchés et en conserve (hors activités d’intermédiation)",47.21Y,Commerce de détail de fruits et légumes,Multiple
47.99B,"Vente par automates et autres commerces de détail hors magasin, éventaires ou marchés n.c.a.","- le commerce de détail de viandes et produits à base de viande, y compris la volaille et le gibier - le commerce de détail de tripes, de charcuterie et de viande salée - le commerce de détail d'escargots (hors activités d’intermédiation)",47.22Y,Commerce de détail de viande et de produits à base de viande,Multiple
47.99B,"Vente par automates et autres commerces de détail hors magasin, éventaires ou marchés n.c.a.","- le commerce de détail de poissons, fruits de mer, produits de la mer et préparations à base de ces produits - le commerce de détail d'algues et d'herbes marines (hors activités d’intermédiation)",47.23Y,"Commerce de détail de poisson, de crustacés et de mollusques",Multiple
47.99B,"Vente par automates et autres commerces de détail hors magasin, éventaires ou marchés n.c.a.","- le commerce de détail de pains, gâteaux et confiseries - le commerce de détail de pains et petits pains cuits sur place à partir de produits précuits - le commerce de détail de pains prêts à consommer préparés par des machines automatiques (hors activités d’intermédiation)",47.24Y,"Commerce de détail de pain, de pâtisserie et de confiserie",Multiple
47.99B,"Vente par automates et autres commerces de détail hors magasin, éventaires ou marchés n.c.a.","- le commerce de détail de boissons alcoolisées et non alcoolisées, non destinées à la consommation ou fabriquées sur place - le commerce de détail de jus de fruits et de légumes (hors activités d’intermédiation)",47.25Y,Commerce de détail de boissons,Multiple
47.99B,"Vente par automates et autres commerces de détail hors magasin, éventaires ou marchés n.c.a.","- le commerce de détail de tabac sous toutes ses formes (cigarettes, cigares, tabac à pipe, tabac à mâcher, etc.) - le commerce de détail de tabac et de produits et accessoires pour fumeurs, y compris les briquets, les pipes, le matériel pour rouler les cigarettes, etc. - le commerce de détail de cigarettes électroniques et d'e-liquides utilisés dans les dispositifs de vapotage (hors activités d’intermédiation)",47.26Y,Commerce de détail de produits à base de tabac,Multiple
47.99B,"Vente par automates et autres commerces de détail hors magasin, éventaires ou marchés n.c.a.","- le commerce de détail de produits laitiers, y compris le lait et les préparations fromagères, et d'œufs (hors activités d’intermédiation)",47.27G,Commerce de détail de produits laitiers et d'œufs,Multiple
47.99B,"Vente par automates et autres commerces de détail hors magasin, éventaires ou marchés n.c.a.","- le commerce de détail de café, thé, huiles, farine, sucre, pâtes, etc. - le commerce de détail d'autres produits alimentaires n.c.a. - le commerce de détail de plats préparés, sauf pour consommation immédiate sur place - le commerce de détail de compléments alimentaires destinés à l'alimentation humaine, par exemple compléments diététiques, produits de régime (hors activités d’intermédiation)",47.27H,Commerce de détail spécialisé d’autres produits d’épicerie et d’autres produits alimentaires n.c.a.,Multiple
47.99B,"Vente par automates et autres commerces de détail hors magasin, éventaires ou marchés n.c.a.","- le commerce de détail d'ordinateurs - le commerce de détail d'équipements périphériques d'ordinateurs, par exemple imprimantes, photocopieuses, tableaux blancs interactifs, équipements de vidéoconférence - le commerce de détail de consoles de jeux vidéo - le commerce de détail de logiciels non personnalisés, y compris les jeux vidéo, fournis sur un support physique, avec un droit d'utilisation perpétuel - le commerce de détail d'équipements audio et vidéo - le commerce de détail d'équipements de radio et de télévision - le commerce de détail de supports enregistrables - le commerce de détail de lecteurs et d'enregistreurs de supports d'enregistrement - le commerce de détail de téléphones intelligents, de téléphones mobiles et de téléphones et de leurs accessoires, par exemple chargeurs, kits mains libres, films de protection et étuis (hors activités d’intermédiation)",47.40Y,Commerce de détail d’équipements de l’information et de la communication,Multiple
47.99B,"Vente par automates et autres commerces de détail hors magasin, éventaires ou marchés n.c.a.","- le commerce de détail de tissus - le commerce de détail de fils à tricoter - le commerce de détail de matériaux de base pour la fabrication de tapis, de tapisseries et de broderies - le commerce de détail de textiles - le commerce de détail d'articles de mercerie : aiguilles, fils à coudre, etc. - le commerce de détail de bâches - le commerce de détail de linge de lit (hors activités d’intermédiation)",47.51Y,Commerce de détail de textiles,Multiple
47.99B,"Vente par automates et autres commerces de détail hors magasin, éventaires ou marchés n.c.a.","- le commerce de détail de quincaillerie - le commerce de détail de peintures, vernis et laques - le commerce de détail de solvants, de white-spirit et d'autres produits de droguerie - le commerce de détail de verre plat - le commerce de détail d'autres matériaux de construction, par exemple briques, tuiles, parpaings, bois, planches de plancher, matériaux d'isolation - le commerce de détail d'équipements sanitaires et de chauffage - le commerce de détail de matériel de bricolage, de matériel et d'équipement électrique et de plomberie - le commerce de détail d'outils, tels que marteaux, scies, tournevis et autres outils à main, y compris les outils à main électriques - le commerce de détail de matériaux pour les énergies renouvelables, par exemple les capteurs solaires non électriques et les panneaux photovoltaïques, sans installation - le commerce de détail d'alarmes incendie électriques ou électroniques, d'extincteurs, de blocs d'urgence, de systèmes de désenfumage, de coffres-forts et de chambres fortes, sans services d'installation ou d'entretien - le commerce de détail de portes et fenêtres et de volets en tous matériaux - le commerce de détail de matériel de jardinage et d'aménagement paysager, par exemple tondeuses à gazon - le commerce de détail de saunas, piscines et spas, y compris en kit, etc., sans installation (hors activités d’intermédiation)",47.52H,"Commerce de détail de quincaillerie, de matériaux de construction et de bricolage, de peinture et de verre en magasin de plus de 400 m² ou hors magasin",Multiple
47.99B,"Vente par automates et autres commerces de détail hors magasin, éventaires ou marchés n.c.a.","- le commerce de détail de tapis et moquettes - le commerce de détail de rideaux et de voilages - le commerce de détail de revêtements muraux ou de sol, par exemple papier peint, carrelage, stratifiés et revêtements de sol en vinyle (hors activités d’intermédiation)",47.53Y,"Commerce de détail de tapis, moquettes et revêtements de murs et de sols",Multiple
47.99B,"Vente par automates et autres commerces de détail hors magasin, éventaires ou marchés n.c.a.",- le commerce de détail d'appareils électroménagers (hors activités d’intermédiation),47.54Y,Commerce de détail d’appareils électroménagers,Multiple
47.99B,"Vente par automates et autres commerces de détail hors magasin, éventaires ou marchés n.c.a.","- le commerce de détail de meubles, y compris matelas et sommiers et meubles pour bébé (hors activités d’intermédiation)",47.55G,Commerce de détail de meubles,Multiple
47.99B,"Vente par automates et autres commerces de détail hors magasin, éventaires ou marchés n.c.a.","- le commerce de détail d'articles d'éclairage - le commerce de détail d'ustensiles ménagers et de couverts, de vaisselle, de verrerie, de vaisselle de table, de porcelaine et de poterie - le commerce de détail d'articles en bois, liège et vannerie - le commerce de détail d'appareils ménagers non électriques, - le commerce de détail d'appareils électroménagers solaires - le commerce de détail de parasols - le commerce de détail d'articles et d'équipements ménagers n.c.a. - le commerce de détail d'équipements pour bébés, par exemple voitures d'enfant, poussettes, trotteurs, porte-bébés, sièges d'auto pour bébés - le commerce de détail de voiles (hors activités d’intermédiation)on cités ailleurs",47.55H,"Commerce de détail d'appareils d’éclairage, de vaisselle et d’autres équipements du foyer",Multiple
47.99B,"Vente par automates et autres commerces de détail hors magasin, éventaires ou marchés n.c.a.","- le commerce de détail de livres, y compris de livres audio sur support physique (hors activités d’intermédiation)",47.61Y,Commerce de détail de livres,Multiple
47.99B,"Vente par automates et autres commerces de détail hors magasin, éventaires ou marchés n.c.a.","- le commerce de détail de périodiques et de revues - le commerce de détail d'articles de papeterie, de fournitures de bureau et scolaires, par exemple stylos, crayons, papier (hors activités d’intermédiation)",47.62Y,Commerce de détail de journaux et autres publications périodiques et de papeterie,Multiple
47.99B,"Vente par automates et autres commerces de détail hors magasin, éventaires ou marchés n.c.a.","- le commerce de détail d'articles de sport, y compris le matériel de pêche, d'armes et de munitions, d'articles de camping, etc. - le commerce de détail de bateaux - le commerce de détail de bicyclettes, y compris les bicyclettes électriques, les monoroues, les hoverboards, les kickscooters, etc. - le commerce de détail d'équipements de protection pour motocyclistes - le commerce de détail de chaussures spéciales pour le sport, par exemple chaussures de football, patins à glace, chaussures de ski - le commerce de détail d'équipements sportifs spéciaux vêtements pour le ski, les arts martiaux, la danse classique, etc. - le commerce de détail de parachutes, tentes, sacs de couchage, etc. (hors activités d’intermédiation)",47.63Y,Commerce de détail d’articles de sport,Multiple
47.99B,"Vente par automates et autres commerces de détail hors magasin, éventaires ou marchés n.c.a.","- le commerce de détail de jeux et jouets, en toutes matières - le commerce de détail d'articles de fête, par exemple masques, articles de fête (cotillons, farces, etc.), articles de magie - le commerce de détail de drones jouets (hors activités d’intermédiation)",47.64Y,Commerce de détail de jeux et jouets,Multiple
47.99B,"Vente par automates et autres commerces de détail hors magasin, éventaires ou marchés n.c.a.","- le commerce de détail de supports enregistrés - le commerce de détail d'instruments de musique, de partitions et d'accessoires connexes, tels que cordes, pupitres, métronomes - le commerce de détail de philatélie, numismatique et objets de collection, par exemple timbres et pièces de monnaie - le commerce de détail d'articles d'art, y compris les perles, l'argile, les toiles, les couleurs à l'huile et à l'eau, etc. (hors activités d’intermédiation)",47.69Y,Commerce de détail de biens culturels et de loisirs n.c.a.,Multiple
47.99B,"Vente par automates et autres commerces de détail hors magasin, éventaires ou marchés n.c.a.","- le commerce de détail d'articles d'habillement, y compris de sous-vêtements - le commerce de détail d'articles de fourrure - le commerce de détail d'accessoires vestimentaires, tels que gants, cravates, bretelles - le commerce de détail de vêtements de travail, d'uniformes, de déguisements, de costumes de carnaval, etc. (hors activités d’intermédiation)",47.71Y,Commerce de détail d’habillement,Multiple
47.99B,"Vente par automates et autres commerces de détail hors magasin, éventaires ou marchés n.c.a.",- le commerce de détail de chaussures (à l’exception des chaussures spécialisées pour le sport) (hors activités d’intermédiation),47.72G,Commerce de détail de chaussures,Multiple
47.99B,"Vente par automates et autres commerces de détail hors magasin, éventaires ou marchés n.c.a.",- le commerce de détail d'articles de maroquinerie - le commerce de détail d'accessoires de voyage en cuir et ses substituts (hors activités d’intermédiation),47.72H,Commerce de détail de maroquinerie et d'articles de voyage,Multiple
47.99B,"Vente par automates et autres commerces de détail hors magasin, éventaires ou marchés n.c.a.","- le commerce de détail de lunettes de vue, de lentilles et de lunettes de soleil - le commerce de détail de lunettes de soleil non correctrices (hors activités d’intermédiation)",47.74G,Commerce de détail d'optique,Multiple
47.99B,"Vente par automates et autres commerces de détail hors magasin, éventaires ou marchés n.c.a.","- le commerce de détail d'appareils auditifs - le commerce de détail de chaussures orthopédiques - le commerce de détail de béquilles et de fauteuils roulants - le commerce de détail de prothèses orthopédiques - le commerce de détail de colliers cervicaux et de corsets - le commerce de détail de produits élastocompressifs, tels que les bas élastiques et les manchons (hors activités d’intermédiation)",47.74H,Commerce de détail d’autres articles médicaux et orthopédiques,Multiple
47.99B,"Vente par automates et autres commerces de détail hors magasin, éventaires ou marchés n.c.a.","- le commerce de détail de produits de parfumerie, de cosmétiques, d'articles de toilette, de produits de soins personnels, etc. (hors activités d’intermédiation)",47.75Y,Commerce de détail de parfumerie et de produits de beauté,Multiple
47.99B,"Vente par automates et autres commerces de détail hors magasin, éventaires ou marchés n.c.a.","- le commerce de détail de fleurs et de plantes - le commerce de détail d'engrais et de produits phytosanitaires - le commerce de détail d'animaux de compagnie et d'articles pour animaux de compagnie - le commerce de détail d'aliments pour animaux de compagnie et autres animaux d'agrément, tels que les poulets et les chevaux - le commerce de détail d'articles de toilette, de produits d'hygiène, etc. pour animaux de compagnie (hors activités d’intermédiation)",47.76Y,"Commerce de détail de fleurs, plantes, engrais, animaux de compagnie et aliments pour ces animaux",Multiple
47.99B,"Vente par automates et autres commerces de détail hors magasin, éventaires ou marchés n.c.a.",- le commerce de détail d'horlogerie et de bijouterie - le commerce de détail d'articles d'orfèvrerie (hors activités d’intermédiation),47.77Y,Commerce de détail d’articles d’horlogerie et de bijouterie,Multiple
47.99B,"Vente par automates et autres commerces de détail hors magasin, éventaires ou marchés n.c.a.","- le commerce de détail de gaz en bouteille, de charbon et de bois de chauffage, de granulés de bois ou de biomasse (hors activités d’intermédiation)",47.78G,Commerce de détail de charbons et combustibles,Multiple
47.99B,"Vente par automates et autres commerces de détail hors magasin, éventaires ou marchés n.c.a.","- le commerce de détail de matériel photographique et de précision - le commerce de détail d'équipements optiques, à l'exclusion des lunettes et des lentilles, par exemple les télescopes, les microscopes, les jumelles - le cmmerce de détail d'articles d'emballage - le commerce de détail d'articles funéraires et de cimetière, tels que les urnes et les pierres tombales - le commerce de détail d'articles de bijouterie de fantaisie - le commerce de détail de produits de nettoyage, par exemple de détergents, d'éponges - le commerce de détail de souvenirs, d'artisanat et d'articles religieux - le commerce de détail non alimentaire non cité ailleurs - le commerce de détail de fleurs et plantes artificielles (hors activités d’intermédiation)",47.78H,Commerce de détail spécialisé d’autres biens neufs n.c.a.,Multiple
47.99B,"Vente par automates et autres commerces de détail hors magasin, éventaires ou marchés n.c.a.",- le commerce de détail d'antiquités et de livres anciens (hors activités d’intermédiation),47.79G,Commerce de détail d’antiquités et livres anciens,Multiple
47.99B,"Vente par automates et autres commerces de détail hors magasin, éventaires ou marchés n.c.a.",- le commerce de détail de livres d'occasion (à l’exception des livres anciens) - le commerce de détail de vêtements d'occasion - le commerte de détail de meubles d'occasion - le commerce de détail d'appareils ménagers d'occasion - le commerce de détail d'autres biens d'occasion (hors activités d’intermédiation),47.79H,Commerce de détail d’autres biens d’occasion,Multiple
47.99B,"Vente par automates et autres commerces de détail hors magasin, éventaires ou marchés n.c.a.","- les activités d'intermédiation pour le commerce de détail non spécialisée par des commissionnaires, par exemple les VDI mandataires",47.91Y,Activités de service d’intermédiation pour le commerce de détail non spécialisé,Multiple
47.99B,"Vente par automates et autres commerces de détail hors magasin, éventaires ou marchés n.c.a.",- les activités de service d’intermédiation pour le commerce de détail de véhicules automobiles,47.92G,Activités de service d’intermédiation pour le commerce de détail de véhicules automobiles,Multiple
47.99B,"Vente par automates et autres commerces de détail hors magasin, éventaires ou marchés n.c.a.",- les activités de service d’intermédiation pour le commerce de détail de journaux et de produits à base de tabac,47.92H,Activités de service d’intermédiation pour le commerce de détail de journaux et de produits à base de tabac,Multiple
47.99B,"Vente par automates et autres commerces de détail hors magasin, éventaires ou marchés n.c.a.",- les activités de service d'intermédiation pour le commerce de détail spécialisé d’autres biens,47.92J,Activités de service d'intermédiation pour le commerce de détail spécialisé d’autres biens,Multiple
49.10Z,Transport ferroviaire interurbain de voyageurs,- le transport ferroviaire de passagers au moyen de matériel roulant sur les réseaux de grandes lignes - l'exploitation de wagons-lits ou de wagons-restaurants en tant qu'activité intégrée des entreprises ferroviaires - le transport ferroviaire lourd de passagers pour des visites touristiques,49.11Y,Transport ferroviaire lourd de voyageurs,Multiple
49.10Z,Transport ferroviaire interurbain de voyageurs,"- le transport interurbain de passagers par métro, métro léger, chemin de fer souterrain et surélevé, chemin de fer métropolitain et tramway - le transport interurbain de passagers par train léger pour les visites touristiques",49.12Y,Autre transport ferroviaire de voyageurs,Multiple
49.20Z,Transports ferroviaires de fret,le contenu de la sous-classe NAF rév. 2 est entièrement couvert par la sous-classe NAF 2025 en correspondance,49.20Y,Transport ferroviaire de fret,Unique
49.31Z,Transports urbains et suburbains de voyageurs,"- le transport urbain et suburbain de passagers par métro, métro, train souterrain et surélevé, chemin de fer métropolitain et tramway - le transport urbain et suburbain de passagers par funiculaire",49.12Y,Autre transport ferroviaire de voyageurs,Multiple
49.31Z,Transports urbains et suburbains de voyageurs,"- le transport routier régulier, urbain ou suburbain, de passagers par autobus, autocar, trolleybus ou minibus ; le transport suit un horaire fixe, impliquant la prise en charge et la dépose de passagers à des arrêts normalement fixés",49.31G,Transport régulier urbain et suburbain de voyageurs par route,Multiple
49.31Z,Transports urbains et suburbains de voyageurs,- le transport par téléphérique s'il fait partie d'un système de transport urbain ou suburbain,49.34Y,Transport de voyageurs par téléphériques et remontées mécaniques,Multiple
49.32Z,Transports de voyageurs par taxis,"- le transport de voyageurs par taxi, dans un véhicule de 9 personnes au maximum (à l’exception des moto-taxis) (hors activités d’intermédiation)",49.33G,Transport de personnes par taxi,Multiple
49.32Z,Transports de voyageurs par taxis,"- le transport de voyageurs sur demande, par véhicule de transport avec chauffeur (VTC) de 9 personnes au maximum, autre qu’un taxi - le transport de voyageurs sur demande, par véhicule motorisé à deux ou trois roues (VMDTR) - la location privée de véhicules de 9 personnes au maximum, avec chauffeur (hors activités d’intermédiation)",49.33H,Autre transport de personnes sur demande par véhicule avec chauffeur,Multiple
49.32Z,Transports de voyageurs par taxis,- les activités de service d’intermédiation pour le transport de passagers (y compris services des centrales de réservation),52.32Y,Activités de service d’intermédiation pour le transport de passagers,Multiple
49.39A,Transports routiers réguliers de voyageurs,tout le contenu de la sous-classe NAF rév. 2,49.31H,Autre transport régulier de voyageurs par route,Unique
49.39B,Autres transports routiers de voyageurs,"- le transport routier non régulier, urbain, interurbain et de longue distance de passagers dans des véhicules de 10 personnes ou plus ; il peut s'agir de transport par autobus, autocar, trolleybus ou minibus",49.32Y,Transport non régulier de voyageurs par route,Multiple
49.39B,Autres transports routiers de voyageurs,- le service de vélo-taxi - le transport routier de passagers par des véhicules tirés par des humains ou des animaux,49.39Y,Autre transport terrestre de voyageurs n.c.a.,Multiple
49.39C,Téléphériques et remontées mécaniques,tout le contenu de la sous-classe NAF rév. 2,49.34Y,Transport de voyageurs par téléphériques et remontées mécaniques,Unique
49.41A,Transports routiers de fret interurbains,tout le contenu de la sous-classe NAF rév. 2,49.41G,Transport routier de fret longue distance,Unique
49.41B,Transports routiers de fret de proximité,- le transport routier de fret régional et de proximité,49.41H,Transport routier de fret régional et de proximité,Multiple
49.41B,Transports routiers de fret de proximité,"- les activités de déplacement des marchandises sur des sites industriels, généralement à l'aide d'équipements de transport qui ne sont pas adaptés à une utilisation sur des routes ouvertes à la circulation publique",52.24H,Manutention non portuaire,Multiple
49.41B,Transports routiers de fret de proximité,- la livraison de colis,53.20G,Livraison de colis,Multiple
49.41C,Location de camions avec chauffeur,tout le contenu de la sous-classe NAF rév. 2,49.41J,Location de camions avec chauffeur,Unique
49.42Z,Services de déménagement,tout le contenu de la sous-classe NAF rév. 2,49.42Y,Services de déménagement,Unique
49.50Z,Transports par conduites,tout le contenu de la sous-classe NAF rév. 2,49.50Y,Transport par conduites,Unique
50.10Z,Transports maritimes et côtiers de passagers,tout le contenu de la sous-classe NAF rév. 2,50.10Y,Transports maritimes et côtiers de passagers,Unique
50.20Z,Transports maritimes et côtiers de fret,tout le contenu de la sous-classe NAF rév. 2,50.20Y,Transports maritimes et côtiers de fret,Unique
50.30Z,Transports fluviaux de passagers,tout le contenu de la sous-classe NAF rév. 2,50.30Y,Transports fluviaux de passagers,Unique
50.40Z,Transports fluviaux de fret,tout le contenu de la sous-classe NAF rév. 2,50.40Y,Transports fluviaux de fret,Unique
51.10Z,Transports aériens de passagers,tout le contenu de la sous-classe NAF rév. 2,51.10Y,Transports aériens de passagers,Unique
51.21Z,Transports aériens de fret,tout le contenu de la sous-classe NAF rév. 2,51.21Y,Transports aériens de fret,Unique
51.22Z,Transports spatiaux,tout le contenu de la sous-classe NAF rév. 2,51.22Y,Transports spatiaux,Unique
52.10A,Entreposage et stockage frigorifique,- les activités d’affinage du fromage,10.51H,Fabrication de fromage,Multiple
52.10A,Entreposage et stockage frigorifique,- le stockage de combustibles gazeux aux fins de fourniture d'énergie par l'intermédiaire d'un réseau - le stockage d'hydrogène gazeux en vue de la fourniture d'énergie par l'intermédiaire d'un réseau,35.24Y,Stockage de gaz dans le cadre de services d’approvisionnement en réseau,Multiple
52.10A,Entreposage et stockage frigorifique,"- l'exploitation d'installations de stockage et d'entreposage frigorifiques pour toutes sortes de marchandises (à l’exception des activités d’affinage du fromage) : • exploitation de silos à grains • entrepôts de marchandises générales • entrepôts frigorifiques et chambres froides • réservoirs de stockage, etc. - l'entreposage frigorifique de marchandises dans les zones de commerce extérieur - la congélation par air pulsé associée au stockage et à l'entreposage frigorifique - les activités de stockage frigorifique d'archives physiques et de dossiers papier",52.10G,Entreposage et stockage frigorifique,Multiple
52.10B,Entreposage et stockage non frigorifique,- le stockage de combustibles gazeux aux fins de fourniture d'énergie par l'intermédiaire d'un réseau - le stockage d'hydrogène gazeux en vue de la fourniture d'énergie par l'intermédiaire d'un réseau,35.24Y,Stockage de gaz dans le cadre de services d’approvisionnement en réseau,Multiple
52.10B,Entreposage et stockage non frigorifique,"- l'exploitation d'installations de stockage et d'entreposage non frigorifiques pour toutes sortes de marchandises : • exploitation de silos à grains • entrepôts de marchandises générales • réservoirs de stockage, etc. - l'entreposage de meubles ne faisant pas partie d'un service de déménagement - l'entreposage non frigorifique de marchandises dans les zones de commerce extérieur - les activités de stockage non frigorifique d'archives physiques et de dossiers papier (à l’exception du stockage en libre-service)",52.10H,Entreposage et stockage non frigorifique,Multiple
52.10B,Entreposage et stockage non frigorifique,- la numérisation des fichiers (pour le traitement ultérieur des données),63.10Y,"Infrastructure informatique, traitement de données, hébergement et activités connexes",Multiple
52.10B,Entreposage et stockage non frigorifique,- le stockage en libre service,68.20H,Location et exploitation d'autres biens immobiliers propres ou loués,Multiple
52.21Z,Services auxiliaires des transports terrestres,tout le contenu de la sous-classe NAF rév. 2,52.21Y,Services auxiliaires des transports terrestres,Unique
52.22Z,Services auxiliaires des transports par eau,"à l’exception des activités des consignataires maritimes, le contenu de la sous-classe NAF rév. 2 est entièrement couvert par la sous-classe NAF 2025 en correspondance",52.22Y,Services auxiliaires des transports par eau,Multiple
52.22Z,Services auxiliaires des transports par eau,- les activités des consignataires maritimes,52.26Y,Autres activités de soutien pour les transports,Multiple
52.23Z,Services auxiliaires des transports aériens,tout le contenu de la sous-classe NAF rév. 2,52.23Y,Services auxiliaires des transports aériens,Unique
52.24A,Manutention portuaire,tout le contenu de la sous-classe NAF rév. 2,52.24G,Manutention portuaire,Unique
52.24B,Manutention non portuaire,tout le contenu de la sous-classe NAF rév. 2,52.24H,Manutention non portuaire,Unique
52.29A,"Messagerie, fret express",- le transport routier de fret longue distance,49.41G,Transport routier de fret longue distance,Multiple
52.29A,"Messagerie, fret express",- le transport routier de fret régional et de proximité,49.41H,Transport routier de fret régional et de proximité,Multiple
52.29A,"Messagerie, fret express","- les activités des centres de distribution - l'enlèvement des marchandises et leur regroupement pour l'expédition - les opérations de manutention des marchandises, par exemple la mise en caisse temporaire et l'emballage des marchandises dans des boîtes à des fins d'entreposage ou pour les protéger pendant le transport, le déballage, l'échantillonnage ou le pesage des marchandises",52.25Y,Activités de service logistique,Multiple
52.29A,"Messagerie, fret express",- les activités de service d’intermédiation pour le transport de fret,52.31Y,Activités de service d’intermédiation pour le transport de fret,Multiple
52.29A,"Messagerie, fret express",- la livraison de colis (à l’exception du transport routier de fret),53.20G,Livraison de colis,Multiple
52.29B,Affrètement et organisation des transports,"- les activités des centres de distribution - l'enlèvement des marchandises et leur regroupement pour l'expédition - les opérations de manutention des marchandises, par exemple la mise en caisse temporaire et l'emballage des marchandises dans des boîtes à des fins d'entreposage ou pour les protéger pendant le transport, le déballage, l'échantillonnage ou le pesage des marchandises",52.25Y,Activités de service logistique,Multiple
52.29B,Affrètement et organisation des transports,"- l'émission et l'acquisition de documents de transport et de lettres de voiture - les activités des agents en douane - l’organisation d'activités de transport multimodal et combiné par rail, route, eau ou air (transport intermodal) pour le compte de l'expéditeur ou du destinataire - l'organisation et l'acheminement d'envois collectifs et individuels pour le compte du client - l’expédition de fret",52.26Y,Autres activités de soutien pour les transports,Multiple
52.29B,Affrètement et organisation des transports,- les activités de service d’intermédiation pour le transport de fret,52.31Y,Activités de service d’intermédiation pour le transport de fret,Multiple
52.29B,Affrètement et organisation des transports,- le courtage pour l'espace des navires et des aéronefs,52.32Y,Activités de service d’intermédiation pour le transport de passagers,Multiple
53.10Z,Activités de poste dans le cadre d'une obligation de service universel,tout le contenu de la sous-classe NAF rév. 2,53.10Y,Activités de poste dans le cadre d’une obligation de service universel,Unique
53.20Z,Autres activités de poste et de courrier,- la livraison de colis,53.20G,Livraison de colis,Multiple
53.20Z,Autres activités de poste et de courrier,- la livraison à domicile de repas et autres activités de poste et de courrier non citées ailleurs,53.20H,Livraison à domicile de repas et autres activités de poste et de courrier n.c.a.,Multiple
55.10Z,Hôtels et hébergement similaire,tout le contenu de la sous-classe NAF rév. 2,55.10Y,Hôtels et hébergement similaire,Unique
55.20Z,Hébergement touristique et autre hébergement de courte durée,tout le contenu de la sous-classe NAF rév. 2,55.20Y,Hébergement touristique et autre hébergement de courte durée,Unique
55.30Z,Terrains de camping et parcs pour caravanes ou véhicules de loisirs,tout le contenu de la sous-classe NAF rév. 2,55.30Y,Terrains de camping et parcs pour caravanes ou véhicules de loisirs,Unique
55.90Z,Autres hébergements,tout le contenu de la sous-classe NAF rév. 2,55.90Y,Autres hébergements,Unique
56.10A,Restauration traditionnelle,tout le contenu de la sous-classe NAF rév. 2,56.11G,Restauration traditionnelle,Unique
56.10B,Cafétérias et autres libres-services,tout le contenu de la sous-classe NAF rév. 2,56.11H,Cafétérias et autres libres services,Unique
56.10C,Restauration de type rapide,"à l’exception des activités de service de restauration mobile, le contenu de la sous-classe NAF rév. 2 est entièrement couvert par la sous-classe NAF 2025 en correspondance",56.11J,Restauration de type rapide,Multiple
56.10C,Restauration de type rapide,"- les activités de service de restauration mobile, c’est à dire la préparation et le service d'aliments à prédominance alimentaire pour consommation immédiate à partir de chariots mobiles ou d'étals portables, notamment : • camions de restauration chaude • vendeurs de produits alimentaires • vendeurs de glaces • préparation d'aliments dans des étals de marché • vendeurs de snacks • vendeurs de yaourts glacés • vendeurs de crêpes",56.12Y,Activités de service de restauration mobile,Multiple
56.21Z,Services des traiteurs,tout le contenu de la sous-classe NAF rév. 2,56.21Y,Activités de traiteur événementiel,Unique
56.29A,Restauration collective sous contrat,tout le contenu de la sous-classe NAF rév. 2,56.22Y,Activités de service contractuel de restauration et autres activités de service de restauration,Unique
56.29B,Autres services de restauration n.c.a.,tout le contenu de la sous-classe NAF rév. 2,56.22Y,Activités de service contractuel de restauration et autres activités de service de restauration,Unique
56.30Z,Débits de boissons,tout le contenu de la sous-classe NAF rév. 2,56.30Y,Activités de débit de boissons,Unique
58.11Z,Édition de livres,tout le contenu de la sous-classe NAF rév. 2,58.11Y,Édition de livres,Unique
58.12Z,Édition de répertoires et de fichiers d'adresses,tout le contenu de la sous-classe NAF rév. 2,58.19Y,"Autres activités d’édition, à l’exception de l’édition de logiciels",Unique
58.13Z,Édition de journaux,tout le contenu de la sous-classe NAF rév. 2,58.12Y,Édition de journaux,Unique
58.14Z,Édition de revues et périodiques,tout le contenu de la sous-classe NAF rév. 2,58.13Y,Édition de revues et de périodiques,Unique
58.19Z,Autres activités d'édition,tout le contenu de la sous-classe NAF rév. 2,58.19Y,"Autres activités d’édition, à l’exception de l’édition de logiciels",Unique
58.21Z,Édition de jeux électroniques,tout le contenu de la sous-classe NAF rév. 2,58.21Y,Édition de jeux vidéo,Unique
58.29A,Édition de logiciels système et de réseau,tout le contenu de la sous-classe NAF rév. 2,58.29Y,Édition d’autres logiciels,Unique
58.29B,Edition de logiciels outils de développement et de langages,tout le contenu de la sous-classe NAF rév. 2,58.29Y,Édition d’autres logiciels,Unique
58.29C,Edition de logiciels applicatifs,tout le contenu de la sous-classe NAF rév. 2,58.29Y,Édition d’autres logiciels,Unique
59.11A,Production de films et de programmes pour la télévision,"à l’exception des production de films d’animation et des programmes d'animation, tout le contenu de la sous-classe NAF rév. 2",59.11G,Production de films et programmes audiovisuels,Multiple
59.11A,Production de films et de programmes pour la télévision,- la production de films et programmes d'animation,59.11K,Production de films et programmes d'animation,Multiple
59.11B,Production de films institutionnels et publicitaires,"à l’exception des production de films d’animation, tout le contenu de la sous-classe NAF rév. 2",59.11H,Production de films institutionnels et publicitaires,Multiple
59.11B,Production de films institutionnels et publicitaires,- la production de films et programmes d'animation,59.11K,Production de films et programmes d'animation,Multiple
59.11C,Production de films pour le cinéma,"à l’exception des production de films d’animation, tout le contenu de la sous-classe NAF rév. 2",59.11J,Production de films pour le cinéma,Multiple
59.11C,Production de films pour le cinéma,- la production de films et programmes d'animation,59.11K,Production de films et programmes d'animation,Multiple
59.12Z,"Post-production de films cinématographiques, de vidéo et de programmes de télévision",tout le contenu de la sous-classe NAF rév. 2,59.12Y,"Post-production de films cinématographiques, de vidéos et de programmes de télévision",Unique
59.13A,Distribution de films cinématographiques,tout le contenu de la sous-classe NAF rév. 2,59.13Y,Distribution de films cinématographiques et de vidéos,Unique
59.13B,Edition et distribution vidéo,tout le contenu de la sous-classe NAF rév. 2,59.13Y,Distribution de films cinématographiques et de vidéos,Unique
59.14Z,Projection de films cinématographiques,tout le contenu de la sous-classe NAF rév. 2,59.14Y,Projection de films cinématographiques,Unique
59.20Z,Enregistrement sonore et édition musicale,tout le contenu de la sous-classe NAF rév. 2,59.20Y,Enregistrement sonore et édition musicale,Unique
60.10Z,Édition et diffusion de programmes radio,tout le contenu de la sous-classe NAF rév. 2,60.10Y,Radiodiffusion et activités de distribution de contenu audio,Unique
60.20A,Edition de chaînes généralistes,- la programmation de télévision et télédiffusion (à l’exception de l’édition de services de médias à la demande),60.20G,Programmation de télévision et télédiffusion,Multiple
60.20A,Edition de chaînes généralistes,- l’édition de services de médias à la demande,60.20H,Édition de services de médias à la demande,Multiple
60.20B,Edition de chaînes thématiques,- la programmation de télévision et télédiffusion (à l’exception de l’édition de services de médias à la demande),60.20G,Programmation de télévision et télédiffusion,Multiple
60.20B,Edition de chaînes thématiques,- l’édition de services de médias à la demande,60.20H,Édition de services de médias à la demande,Multiple
61.10Z,Télécommunications filaires,tout le contenu de la sous-classe NAF rév. 2,61.10Y,"Activités de télécommunications filaires, sans fil et satellitaires",Unique
61.20Z,Télécommunications sans fil,"- l'exploitation, la maintenance ou la fourniture d'accès à des installations pour la transmission de la voix, de données, de textes, de sons et de vidéos au moyen d'une infrastructure de télécommunication sans fil - l'entretien et l'exploitation de réseaux de radiomessagerie, de réseaux cellulaires et d'autres réseaux de télécommunications sans fil - l'achat d'accès et de capacité de réseau auprès de propriétaires et d'opérateurs de réseaux et la fourniture de services de télécommunications sans fil (à l'exception des satellites) utilisant cette capacité aux entreprises et aux ménages - la fourniture d'un accès à l'internet par l'opérateur de l'infrastructure sans fil",61.10Y,"Activités de télécommunications filaires, sans fil et satellitaires",Multiple
61.20Z,Télécommunications sans fil,- la transmission de messages textuels (SMS) via l'internet,61.90Y,Autres activités de télécommunications,Multiple
61.30Z,Télécommunications par satellite,tout le contenu de la sous-classe NAF rév. 2,61.10Y,"Activités de télécommunications filaires, sans fil et satellitaires",Unique
61.90Z,Autres activités de télécommunication,"- la revente de télécommunications filaires, sans fil et par satellite (c'est-à-dire l'achat et la revente de capacité de réseau), y compris les activités des courtiers en télécommunications et des revendeurs de cartes et de services d'appel prépayés",61.20Y,Activités de revente de télécommunications et activités de service d’intermédiation pour les télécommunications,Multiple
61.90Z,Autres activités de télécommunication,"- la fourniture d'applications de télécommunications spécialisées, par exemple le suivi des satellites, la télémétrie des communications, l'exploitation de stations radar - l'exploitation de stations terminales de satellites et d'installations associées, connectées de manière opérationnelle à un ou plusieurs systèmes de communication terrestres et capables de transmettre des télécommunications à des systèmes de satellites ou de recevoir des télécommunications en provenance de ces systèmes - la fourniture d'un accès à l'internet sur des réseaux entre le client et le fournisseur d'accès à l'internet qui n'appartiennent pas au fournisseur d'accès à l'internet ou ne sont pas contrôlés par lui, par exemple l'accès à l'internet par ligne commutée - la fourniture d'un accès téléphonique et d'un accès à l'internet dans des installations ouvertes au public",61.90Y,Autres activités de télécommunications,Multiple
62.01Z,Programmation informatique,tout le contenu de la sous-classe NAF rév. 2,62.10Y,Activités de programmation informatique,Unique
62.02A,Conseil en systèmes et logiciels informatiques,tout le contenu de la sous-classe NAF rév. 2,62.20G,Conseil en systèmes et logiciels informatiques,Unique
62.02B,Tierce maintenance de systèmes et d’applications informatiques,tout le contenu de la sous-classe NAF rév. 2,62.20H,Gestion d'installations informatiques et maintenance de systèmes et d’applications informatiques,Unique
62.03Z,Gestion d'installations informatiques,tout le contenu de la sous-classe NAF rév. 2,62.20H,Gestion d'installations informatiques et maintenance de systèmes et d’applications informatiques,Unique
62.09Z,Autres activités informatiques,tout le contenu de la sous-classe NAF rév. 2,62.90Y,Autres activités de service informatique,Unique
63.11Z,"Traitement de données, hébergement et activités connexes",- l'exploitation de sites de diffusion en continu de jeux vidéo,60.20H,Édition de services de médias à la demande,Multiple
63.11Z,"Traitement de données, hébergement et activités connexes","- l'exploitation de sites de jeux en ligne ou de jeux vidéo, indépendamment de l'édition des jeux - la fourniture de livres électroniques en tant que service de streaming ou de téléchargement non associé à l'édition - la fourniture en ligne de logiciels, non associée à l'édition",60.39Y,Autres activités de distribution de contenu,Multiple
63.11Z,"Traitement de données, hébergement et activités connexes","- la fourniture d'infrastructures informatiques, y compris la fourniture d'infrastructures et de plateformes en nuage (IaaS, PaaS) - l'informatique en nuage (à l'exception de l'édition de logiciels et de la conception de systèmes informatiques), en combinaison ou non avec la fourniture d'infrastructures - la fourniture d'une infrastructure technique liée aux services de diffusion en continu, aux services de traitement des données et aux activités connexes : • traitement complet des données fournies par les clients • production de rapports spécialisés à partir des données fournies par les clients • activités de traitement des données de la blockchain/technologie des registres distribués (DLT) - les activités d'hébergement spécialisé, par exemple • hébergement de sites web • hébergement d'applications - la fourniture générale en temps partagé d'installations d'ordinateurs centraux aux clients - la fourniture de services de saisie de données - les activités de colocation de centres de données (c'est-à-dire la location d'espaces de serveurs et de réseaux dans des centres de données, y compris la surveillance régulière des serveurs) - le stockage de données numériques - l'émission de crypto-actifs sans responsabilité correspondante (pas par une autorité monétaire)",63.10Y,"Infrastructure informatique, traitement de données, hébergement et activités connexes",Multiple
63.12Z,Portails Internet,"- les services de distribution de sites de partage de contenu, par exemple les sites wiki et les sites de réseaux sociaux, qui publient des des contenus produits et édités par les utilisateurs et qui ne sont pas soumis à la responsabilité et au contrôle éditoriaux - la distribution de contenu par l'intermédiaire de blogs",60.39Y,Autres activités de distribution de contenu,Multiple
63.12Z,Portails Internet,"- l'exploitation de sites web qui utilisent un moteur de recherche pour générer et maintenir de vastes bases de données d'adresses et de contenus internet dans un format facilement consultable ; ces portails de recherche web ne sont pas responsables du contenu - l'exploitation de sites web de comparaison de prix, de spécifications de produits, etc., avec fourniture de liens vers d'autres sites web",63.91Y,Activités de portail de recherche sur le web,Multiple
63.91Z,Activités des agences de presse,tout le contenu de la sous-classe NAF rév. 2,60.31Y,Activités d’agence de presse,Unique
63.99Z,Autres services d'information n.c.a.,tout le contenu de la sous-classe NAF rév. 2,63.92Y,Autres activités de service d’information,Unique
64.11Z,Activités de banque centrale,tout le contenu de la sous-classe NAF rév. 2,64.11Y,Activités de banque centrale,Unique
64.19Z,Autres intermédiations monétaires,tout le contenu de la sous-classe NAF rév. 2,64.19Y,Autre intermédiation monétaire,Unique
64.20Z,Activités des sociétés holding,"tout le contenu de la sous-classe NAF rév. 2, à savoir : - les activités des sociétés holding, c'est-à-dire des unités qui détiennent les actifs (en détenant des participations majoritaires) d'une ou de plusieurs filiales et dont le seul objectif est de détenir des filiales ; les holdings de cette catégorie ne fournissent aucun autre service aux entreprises dans lesquelles elles détiennent des participations, c'est-à-dire qu'elles n'administrent ni ne gèrent d'autres unités",64.21Y,Activités de société holding,Unique
64.30Z,Fonds de placement et entités financières similaires,"- les activités des conduits de financement, c'est-à-dire des unités créées par un groupe financier ou non financier pour lever ou emprunter des fonds (souvent sur le marché libre) et remettre ces fonds à leur société mère ou à une autre entité du groupe - les activités des institutions financières captives impliquées dans les prêts intragroupes - les sociétés « boîtes aux lettres » qui collectent des fonds et les remettent à leur société mère, c'est-à-dire les unités détenues (directement ou indirectement) par une unité non résidente, dont une grande partie du bilan est constituée de créances et de dettes envers des unités non résidentes, et qui ont peu ou pas d'employés et peu ou pas de présence physique dans la juridiction où elles ont été constituées",64.22Y,Activités de conduit de financement,Multiple
64.30Z,Fonds de placement et entités financières similaires,"- les activités des fonds d'investissement monétaires et non monétaires, c'est-à-dire des organismes de placement collectif qui collectent des fonds en émettant des actions ou des parts auprès du public, et dont le produit est investi principalement dans des actifs financiers (y compris des actifs à court terme) - les fonds d'investissement à capital variable - les fonds d'investissement à capital fixe - les fonds communs de placement et d'investissement",64.31Y,Activités de fonds d’investissement sur le marché monétaire ou non monétaire,Multiple
64.30Z,Fonds de placement et entités financières similaires,"- les entités juridiques, n'agissant pas en tant qu'organismes de placement collectif, organisées pour mettre en commun des titres, des successions et d'autres actifs financiers, sans les gérer, pour le compte d'actionnaires ou de bénéficiaires ; les portefeuilles sont personnalisés pour atteindre des caractéristiques d'investissement spécifiques, telles que la diversification, le risque, le taux de rendement et la volatilité des prix ; ces entités perçoivent des intérêts, des dividendes et d'autres revenus de la propriété, mais n'ont que peu ou pas d'emploi et ne tirent aucun revenu de la vente de services - les fiducies, les successions ou les comptes d'agence, administrés pour le compte de multiples bénéficiaires en vertu d'un contrat de fiducie, d'un testament ou d'un contrat d'agence - les activités des sociétés de participation, qui ne détiennent pas de parts de contrôle - les sociétés de capital-risque dont le seul financement est constitué d'actions et qui ne perçoivent pas d'honoraires",64.32Y,"Activités de fiducie, comptes de patrimoine et d’agence",Multiple
64.91Z,Crédit-bail,tout le contenu de la sous-classe NAF rév. 2,64.91Y,Crédit-bail,Unique
64.92Z,Autre distribution de crédit,tout le contenu de la sous-classe NAF rév. 2,64.92Y,Autre distribution de crédit,Unique
64.99Z,"Autres activités des services financiers, hors assurance et caisses de retraite, n.c.a.","- les obligations émises par conduits financiers, etc. pour fournir des capitaux aux groupes d'entreprises",64.22Y,Activités de conduit de financement,Multiple
64.99Z,"Autres activités des services financiers, hors assurance et caisses de retraite, n.c.a.",- les activités d'affacturage,64.92Y,Autre distribution de crédit,Multiple
64.99Z,"Autres activités des services financiers, hors assurance et caisses de retraite, n.c.a.","- les autres activités de services financiers consistant principalement à distribuer des fonds autrement que par l'octroi de prêts : • vente de swaps, d'options et d'autres instruments de couverture • activités des sociétés de règlement viatique - les activités d'investissement et de négociation pour compte propre, par exemple des sociétés de capital-risque ou des clubs d'investissement - la négociation sur les marchés financiers pour compte propre - le commerce de créances pour compte propre - les négociants en valeurs mobilières et produits dérivés (opérant pour compte propre) - les activités des sociétés de véhicules financiers autres que la titrisation - les opérations de titrisation d'actifs autres que des prêts par l'émission d'instruments financiers - le commerce de swaps ou d'options pour compte propre - la négociation de contrats sur matières premières pour compte propre - l’émission de crypto-actifs avec un passif correspondant (non par une autorité monétaire) - la négociation d'actifs cryptographiques assortis d'un engagement correspondant pour compte propre - l’échange de devises pour compte propre - le fait d’agir en tant que contrepartie pour la compensation et le règlement des transactions",64.99Y,"Autres activités des services financiers, hors assurance et fonds de pension, n.c.a.",Multiple
65.11Z,Assurance vie,tout le contenu de la sous-classe NAF rév. 2,65.11Y,Assurance vie,Unique
65.12Z,Autres assurances,tout le contenu de la sous-classe NAF rév. 2,65.12Y,Assurances non-vie,Unique
65.20Z,Réassurance,tout le contenu de la sous-classe NAF rév. 2,65.20Y,Réassurance,Unique
65.30Z,Caisses de retraite,tout le contenu de la sous-classe NAF rév. 2,65.30Y,Fonds de pension,Unique
66.11Z,Administration de marchés financiers,tout le contenu de la sous-classe NAF rév. 2,66.11Y,Administration de marchés financiers,Unique
66.12Z,Courtage de valeurs mobilières et de marchandises,tout le contenu de la sous-classe NAF rév. 2,66.12Y,Courtage de valeurs mobilières et de matières premières,Unique
66.19A,Supports juridiques de gestion de patrimoine mobilier,tout le contenu de la sous-classe NAF rév. 2,66.19G,Activités des unités non productives détentrices de patrimoine mobilier,Unique
66.19B,"Autres activités auxiliaires de services financiers, hors assurance et caisses de retraite, n.c.a.","À l’exception des services de fiducie, d'administration fiduciaire et de conservation sur la base d'honoraires ou de contrats, le contenu de la sous-classe NAF rév. 2 est entièrement couvert par la sous-classe NAF 2025 en correspondance, à savoir : - les activités de traitement et de règlement des transactions financières, y compris la fourniture de paiements numériques (ou par internet) et les activités de règlement des transactions par carte de crédit - les services de conseil en investissement, y compris les services de robo-advisorat - les activités des conseillers en prêts hypothécaires et en prêts - les activités des fournisseurs de portefeuilles de devises numériques - les activités des conseillers financiers en rapport avec les services de fusion et d'acquisition - la validation et le minage de crypto-actifs considérés comme des actifs financiers - la garde de titres - la tokenisation d'actifs numériques, y compris les offres de jetons de sécurité, les offres initiales de pièces de monnaie - les activités des bureaux de remboursement d'impôts - l'intermédiation en matière de crédit à la consommation - les activités des prestataires de paiement, par exemple les services de transfert électronique de fonds, y compris les services de paiement de pair à pair - l'analyse des marchés financiers en tant que service de conseil",66.19H,"Autres activités auxiliaires de services financiers, hors assurance et caisses de retraite, n.c.a.",Multiple
66.19B,"Autres activités auxiliaires de services financiers, hors assurance et caisses de retraite, n.c.a.","- les services de fiducie, d'administration fiduciaire et de conservation sur la base d'honoraires ou de contrats",66.30Y,Activités de gestion de fonds,Multiple
66.21Z,Évaluation des risques et dommages,tout le contenu de la sous-classe NAF rév. 2,66.21Y,Évaluation des risques et dommages,Unique
66.22Z,Activités des agents et courtiers d'assurances,tout le contenu de la sous-classe NAF rév. 2,66.22Y,Activités des agents et courtiers d’assurances,Unique
66.29Z,Autres activités auxiliaires d'assurance et de caisses de retraite,tout le contenu de la sous-classe NAF rév. 2,66.29Y,Activités auxiliaires d’assurance et de fonds de pension n.c.a.,Unique
66.30Z,Gestion de fonds,tout le contenu de la sous-classe NAF rév. 2,66.30Y,Activités de gestion de fonds,Unique
68.10Z,Activités des marchands de biens immobiliers,tout le contenu de la sous-classe NAF rév. 2,68.11Y,Achat et vente de biens propres,Unique
68.20A,Location de logements,- la fourniture de maisons et d'appartements meublés ou non meublés pour une période inférieure à un an,55.90Y,Autres hébergements,Multiple
68.20A,Location de logements,"à l’exception de la fourniture de maisons et d'appartements meublés ou non meublés pour une période inférieure à un an, tout le contenu de la sous-classe NAF rév. 2, à savoir : - la location et l'exploitation de biens immobiliers détenus en propre ou en crédit-bail : immeubles d'appartements, logements - la fourniture de maisons et d'appartements meublés ou non meublés pour un usage plus permanent, sur une base annuelle ou plus longue",68.20G,Location de logements,Multiple
68.20B,Location de terrains et d'autres biens immobiliers,"tout le contenu de la sous-classe NAF rév. 2, à savoir : - la location et l'exploitation de biens immobiliers détenus en propre ou en crédit-bail : • bâtiments non résidentiels, y compris immeubles de bureaux, bâtiments industriels, entrepôts, hôtels et autres bâtiments de loisirs, halls d'exposition, installations de self-stockage, magasins de détail et centres commerciaux, centres de données • terrains, y compris les terrains agricoles et forestiers - l'exploitation de sites de maisons mobiles résidentielles pour des résidences principales - le développement de projets de construction pour une exploitation propre, c'est-à-dire pour la location d'espaces dans ces bâtiments - la location de toits, par exemple pour des installations solaires - la location d'installations et d'usines, y compris de machines et d'équipements - la mise à disposition d'espaces pour la pension d'animaux uniquement",68.20H,Location et exploitation d'autres biens immobiliers propres ou loués,Unique
68.31Z,Agences immobilières,"- l'intermédiation dans l'achat, la vente et la location de biens immobiliers sur la base d'honoraires ou de contrats",68.31Y,Activités de service d’intermédiation pour les activités immobilières,Multiple
68.31Z,Agences immobilières,"- les activités d'évaluation des biens immobiliers - les activités des agents de séquestre immobilier - les activités de conseil, sur la base d'honoraires ou de contrats, en rapport avec l'achat, la vente et la location de biens immobiliers",68.32H,Autres activités immobilières pour compte de tiers n.c.a.,Multiple
68.32A,Administration d'immeubles et autres biens immobiliers,tout le contenu de la sous-classe NAF rév. 2,68.32H,Autres activités immobilières pour compte de tiers n.c.a.,Unique
68.32B,Supports juridiques de gestion de patrimoine immobilier,tout le contenu de la sous-classe NAF rév. 2,68.32G,Activités des unités non productives détentrices de patrimoine immobilier,Unique
69.10Z,Activités juridiques,tout le contenu de la sous-classe NAF rév. 2,69.10Y,Activités juridiques,Unique
69.20Z,Activités comptables,tout le contenu de la sous-classe NAF rév. 2,69.20Y,"Activités de comptabilité, de tenue de comptes et d’audit ; conseil fiscal",Unique
70.10Z,Activités des sièges sociaux,tout le contenu de la sous-classe NAF rév. 2,70.10Y,Activités des sièges sociaux,Unique
70.21Z,Conseil en relations publiques et communication,tout le contenu de la sous-classe NAF rév. 2,73.30Y,Activités de relations publiques et de communication,Unique
70.22Z,Conseil pour les affaires et autres conseils de gestion,tout le contenu de la sous-classe NAF rév. 2,70.20Y,Activités de conseil pour les affaires et autre conseil de gestion,Unique
71.11Z,Activités d'architecture,tout le contenu de la sous-classe NAF rév. 2,71.11Y,Activités d’architecture,Unique
71.12A,Activité des géomètres,tout le contenu de la sous-classe NAF rév. 2,71.12Y,Activités d’ingénierie et de conseil technique connexe,Unique
71.12B,"Ingénierie, études techniques",tout le contenu de la sous-classe NAF rév. 2,71.12Y,Activités d’ingénierie et de conseil technique connexe,Unique
71.20A,Contrôle technique automobile,tout le contenu de la sous-classe NAF rév. 2,71.20G,Contrôle technique des véhicules,Unique
71.20B,"Analyses, essais et inspections techniques",tout le contenu de la sous-classe NAF rév. 2,71.20H,"Analyses, essais et inspections techniques",Unique
72.11Z,Recherche-développement en biotechnologie,tout le contenu de la sous-classe NAF rév. 2,72.10G,Recherche et développement en biotechnologies,Unique
72.19Z,Recherche-développement en autres sciences physiques et naturelles,tout le contenu de la sous-classe NAF rév. 2,72.10H,Recherche et développement en autres sciences physiques et naturelles,Unique
72.20Z,Recherche-développement en sciences humaines et sociales,tout le contenu de la sous-classe NAF rév. 2,72.20Y,Recherche et développement en sciences humaines et sociales,Unique
73.11Z,Activités des agences de publicité,tout le contenu de la sous-classe NAF rév. 2,73.11Y,Activités d’agence de publicité,Unique
73.12Z,Régie publicitaire de médias,tout le contenu de la sous-classe NAF rév. 2,73.12Y,Régie publicitaire de médias,Unique
73.20Z,Études de marché et sondages,tout le contenu de la sous-classe NAF rév. 2,73.20Y,Études de marché et sondages,Unique
74.10Z,Activités spécialisées de design,- les activités des architectes d'intérieurs,71.11Y,Activités d’architecture,Multiple
74.10Z,Activités spécialisées de design,"- le design de mode lié aux textiles, aux vêtements, aux chaussures, aux bijoux, aux meubles et autres articles de décoration intérieure et autres articles de mode, ainsi qu'à d'autres articles personnels ou ménagers - le design industriel, réalisé également à l'aide de logiciels spécialisés, c'est-à-dire la création et le développement de conceptions et de spécifications qui optimisent l'utilisation, la valeur, l'emballage et l'apparence des produits, y compris la détermination des matériaux, du mécanisme, de la forme, de la couleur et des finitions de surface du produit, en tenant compte des caractéristiques et des besoins humains, de la sécurité, de l'attrait commercial lors de la distribution, de l'utilisation et de l'entretien",74.11Y,Activités de design pour la création de mode ou les produits industriels,Multiple
74.10Z,Activités spécialisées de design,"- les activités des graphistes - la conception graphique de pages web - les activités des concepteurs en communication - les activités spécialisées dans la conception de messages et d'informations, en tenant compte des caractéristiques et des besoins des personnes, des objectifs de l'entreprise, de l'attrait du marché et des moyens de diffusion - la conception et conseil en matière de contenu et d'aspect extérieur des campagnes et des contenus de communication, conception et conception d'images visuelles (corporate design) et de supports de communication d'entreprise, conception et mise à jour de marques, détermination du langage visuel, de la forme, de la couleur, de la typographie des publications, illustration didactique de contextes complexes et abstraits",74.12Y,Activités de design graphique et de communication visuelle,Multiple
74.10Z,Activités spécialisées de design,"- les activités des décorateurs d'intérieur - les services de décoration d'intérieur tels que la planification et la conception d'espaces intérieurs pour répondre aux besoins esthétiques et fonctionnels des personnes, en se concentrant principalement sur les finitions, le mobilier et les palettes de couleurs - l'élaboration de projets de décoration d'intérieur (à l’exception des activités des architectes d'intérieurs)",74.13Y,Activités de design d’intérieur,Multiple
74.10Z,Activités spécialisées de design,- les autres activités de conception spécialisées,74.14Y,Autres activités spécialisées de design,Multiple
74.20Z,Activités photographiques,"- les activités d'impression de photographies (à partir de téléphones portables, de cartes mémoire, de supports USB et d'autres supports électroniques)",18.12Y,Autres activités d’imprimerie,Multiple
74.20Z,Activités photographiques,"- la photographie commerciale et grand public : • photographie de portrait pour les passeports, les écoles, les mariages, etc. • photographie à des fins commerciales, d'édition, de mode, d'immobilier ou de tourisme • photographie aérienne et sous-marine • enregistrement vidéo d'événements : mariages, réunions, etc. - le développement de films : • développement, impression et agrandissement à partir de négatifs ou de films cinématographiques réalisés par le client • laboratoires de développement de films et de tirage de photos • magasins de photos d'une heure (qui ne font pas partie des magasins d'appareils photo) • montage de diapositives • copie et restauration ou retouche de transparents en rapport avec des photographies - les activités des photojournalistes - les activités de photographies artistiques - le microfilmage de documents - la numérisation de photos, conversion de vidéos en nuage - la numérisation d'objets en 3D",74.20Y,Activités photographiques,Multiple
74.30Z,Traduction et interprétation,tout le contenu de la sous-classe NAF rév. 2,74.30Y,Activités de traduction et d’interprétation,Unique
74.90A,Activité des économistes de la construction,"- ordonnancement, planification et coordination de chantiers",71.12Y,Activités d’ingénierie et de conseil technique connexe,Multiple
74.90A,Activité des économistes de la construction,"À l’exception de l’ordonnancement, la planification et la coordination de chantiers, le contenu de la sous-classe NAF rév. 2 est entièrement couvert par la sous-classe NAF 2025 en correspondance",74.99Y,"Toutes les autres activités spécialisées, scientifiques et techniques n.c.a.",Multiple
74.90B,"Activités spécialisées, scientifiques et techniques diverses","- les activités de courtage et de commercialisation de brevets - les services de gestion des droits de propriété industrielle (brevets, licences, marques, franchises, etc.) - les activités des organismes de gestion collective des droits - la gestion des droits de propriété intellectuelle, par exemple les droits d'auteur, et de leurs revenus",74.91Y,Activités de courtage et de marketing de brevets,Multiple
74.90B,"Activités spécialisées, scientifiques et techniques diverses","- les activités de courtage commercial, c'est-à-dire l'organisation de l'achat et de la vente de petites et moyennes entreprises, y compris les pratiques professionnelles, mais à l'exclusion du courtage immobilier - les activités d'évaluation autres que pour l'immobilier et l'assurance (pour les antiquités, les bijoux, etc.) - la vérification de factures et l'information sur les taux de fret - les activités de prévisions météorologiques - le conseil dans le domaine de la sécurité et de la santé sur le lieu de travail - les services de conseil en agronomie - les activités de conseil en matière d'environnement - les activités de conseil en matière d'économie d'énergie - les autres conseils techniques - les activités des métreurs - les activités exercées par des agents et des agences pour le compte de particuliers, impliquant généralement l'obtention d'engagements dans des films, des productions théâtrales ou d'autres attractions sportives ou de divertissement, ainsi que le placement de livres, de pièces de théâtre, d'œuvres d'art, de photographies, etc. auprès d'éditeurs, de producteurs, etc. - les activités des conseils de surveillance - activités de planification et d'élaboration de projets dans le domaine de la gestion de la chasse - activités d'estimation du nombre de gibiers",74.99Y,"Toutes les autres activités spécialisées, scientifiques et techniques n.c.a.",Multiple
74.90B,"Activités spécialisées, scientifiques et techniques diverses",- les activités de conseil en matière de sécurité,80.09Y,Activités de sécurité n.c.a.,Multiple
75.00Z,Activités vétérinaires,tout le contenu de la sous-classe NAF rév. 2,75.00Y,Activités vétérinaires,Unique
77.11A,Location de courte durée de voitures et de véhicules automobiles légers,tout le contenu de la sous-classe NAF rév. 2,77.11Y,Location et location-bail de voitures et véhicules automobiles légers,Unique
77.11B,Location de longue durée de voitures et de véhicules automobiles légers,tout le contenu de la sous-classe NAF rév. 2,77.11Y,Location et location-bail de voitures et véhicules automobiles légers,Unique
77.12Z,Location et location-bail de camions,"- la location et le leasing opérationnel des types de véhicules suivants : véhicules de loisirs (dont le poids maximal autorisé n'excède pas 3,5 tonnes)",77.11Y,Location et location-bail de voitures et véhicules automobiles légers,Multiple
77.12Z,Location et location-bail de camions,"- la location et le leasing opérationnel des types de véhicules suivants : • camions, caravanes, remorques utilitaires et véhicules automobiles lourds (d'un poids maximal autorisé de plus de 3,5 tonnes) • véhicules de loisirs (d'un poids maximal autorisé de plus de 3,5 tonnes)",77.12Y,Location et location-bail de camions,Multiple
77.21Z,Location et location-bail d'articles de loisirs et de sport,tout le contenu de la sous-classe NAF rév. 2,77.21Y,Location et location-bail d’articles de loisirs et de sport,Unique
77.22Z,Location de vidéocassettes et disques vidéo,tout le contenu de la sous-classe NAF rév. 2,77.22Y,Location et location-bail d’autres biens personnels et domestiques,Unique
77.29Z,Location et location-bail d'autres biens personnels et domestiques,tout le contenu de la sous-classe NAF rév. 2,77.22Y,Location et location-bail d’autres biens personnels et domestiques,Unique
77.31Z,Location et location-bail de machines et équipements agricoles,tout le contenu de la sous-classe NAF rév. 2,77.31Y,Location et location-bail de matériel agricole,Unique
77.32Z,Location et location-bail de machines et équipements pour la construction,tout le contenu de la sous-classe NAF rév. 2,77.32Y,Location et location-bail de machines et équipements pour la construction et le génie civil,Unique
77.33Z,Location et location-bail de machines de bureau et de matériel informatique,tout le contenu de la sous-classe NAF rév. 2,77.33Y,Location et location-bail de machines et équipements de bureau et d’ordinateurs,Unique
77.34Z,Location et location-bail de matériels de transport par eau,tout le contenu de la sous-classe NAF rév. 2,77.34Y,Location et location-bail de matériels de transport par eau,Unique
77.35Z,Location et location-bail de matériels de transport aérien,tout le contenu de la sous-classe NAF rév. 2,77.35Y,Location et location-bail de matériels de transport aérien,Unique
77.39Z,"Location et location-bail d'autres machines, équipements et biens matériels n.c.a.","- la location et la location-bail de matériel de transport terrestre (autre que les véhicules à moteur) sans conducteur : • motocycles • camping-cars (dont le poids maximal autorisé n'excède pas 3,5 tonnes)",77.11Y,Location et location-bail de voitures et véhicules automobiles légers,Multiple
77.39Z,"Location et location-bail d'autres machines, équipements et biens matériels n.c.a.","- la location et la location-bail de matériel de transport terrestre (autre que les véhicules à moteur) sans chauffeur : camping-cars (d'un poids maximal autorisé supérieur à 3,5 tonnes)",77.12Y,Location et location-bail de camions,Multiple
77.39Z,"Location et location-bail d'autres machines, équipements et biens matériels n.c.a.","- la location et la location-bail, sans opérateur, d'autres machines et équipements qui sont généralement utilisés comme biens d'équipement par les industries : • moteurs et turbines • machines-outils • matériel d'exploitation minière et pétrolière • équipements professionnels de radio, de télévision et de communication • matériel de production cinématographique • équipements de mesure et de contrôle • autres machines scientifiques, commerciales et industrielles - la location et la location-bail de matériel de transport terrestre (autre que les véhicules à moteur) sans chauffeur : • caravanes • véhicules ferroviaires - la location de pneus - la location de matériel pour événements, foires et expositions, par exemple pour l'installation de matériel électrique, d'éclairage, de son et de scène - la location de mobilier pour des événements, des foires et des expositions - la location d'équipements médicaux/hospitaliers - la location et leasing de machines à sous - la location de logements ou de bureaux - la location d'animaux (par exemple, troupeaux, chevaux de course) - la location d'autres conteneurs - la location de palettes",77.39Y,"Location et location-bail d’autres machines, équipements et biens n.c.a.",Multiple
77.40Z,"Location-bail de propriété intellectuelle et de produits similaires, à l'exception des œuvres soumises à copyright",- la vente de quotas de CO2 pour compte propre,64.99Y,"Autres activités des services financiers, hors assurance et fonds de pension, n.c.a.",Multiple
77.40Z,"Location-bail de propriété intellectuelle et de produits similaires, à l'exception des œuvres soumises à copyright",- le courtage de droits d'émission de CO2,66.12Y,Courtage de valeurs mobilières et de matières premières,Multiple
77.40Z,"Location-bail de propriété intellectuelle et de produits similaires, à l'exception des œuvres soumises à copyright",- les services de franchise ou de licence de marques,77.40G,Services de franchise ou de licence de marques,Multiple
77.40Z,"Location-bail de propriété intellectuelle et de produits similaires, à l'exception des œuvres soumises à copyright",- les autres locations-bail de propriété intellectuelle et de produits similaires (à l'exception des œuvres soumises à copyright et services de franchise ou de licence de marques),77.40H,"Autre location-bail de propriété intellectuelle et de produits similaires, à l'exception des œuvres soumises à copyright",Multiple
78.10Z,Activités des agences de placement de main-d'œuvre,tout le contenu de la sous-classe NAF rév. 2,78.10Y,Activités des agences de placement de main-d’œuvre,Unique
78.20Z,Activités des agences de travail temporaire,tout le contenu de la sous-classe NAF rév. 2,78.20G,Activités d’agence de travail temporaire,Unique
78.30Z,Autre mise à disposition de ressources humaines,tout le contenu de la sous-classe NAF rév. 2,78.20H,Autre mise à disposition de ressources humaines,Unique
79.11Z,Activités des agences de voyage,- les activités de service d’intermédiation pour le transport de passagers,52.32Y,Activités de service d’intermédiation pour le transport de passagers,Multiple
79.11Z,Activités des agences de voyage,- les activités de service d’intermédiation pour l’hébergement,55.40Y,Activités de service d’intermédiation pour l’hébergement,Multiple
79.11Z,Activités des agences de voyage,- les autres services de réservation liés aux voyages : services de réservation pour la location de voitures,77.51Y,"Activités de service d’intermédiation pour la location et la location-bail de voitures, camping-cars et caravanes",Multiple
79.11Z,Activités des agences de voyage,"- les activités des agences dont l'activité principale consiste à vendre au grand public ou à des clients commerciaux des voyages organisés et des croisières, ainsi que des conseils ou de l'expertise en matière d'hébergement",79.11Y,Activités d’agence de voyage,Multiple
79.12Z,Activités des voyagistes,tout le contenu de la sous-classe NAF rév. 2,79.12Y,Activités de voyagiste,Unique
79.90Z,Autres services de réservation et activités connexes,- les autres services de réservation liés aux voyages : services de réservation pour le transport de passagers,52.32Y,Activités de service d’intermédiation pour le transport de passagers,Multiple
79.90Z,Autres services de réservation et activités connexes,- les autres services de réservation liés aux voyages : • services de réservation d'hébergement - les services d'échange de multipropriété,55.40Y,Activités de service d’intermédiation pour l’hébergement,Multiple
79.90Z,Autres services de réservation et activités connexes,- les autres services de réservation liés aux voyages : services de réservation pour les restaurants,56.40Y,Activités de service d’intermédiation pour des activités de service de restauration,Multiple
79.90Z,Autres services de réservation et activités connexes,- les autres services de réservation liés aux voyages : services de réservation pour la location de voitures,77.51Y,"Activités de service d’intermédiation pour la location et la location-bail de voitures, camping-cars et caravanes",Multiple
79.90Z,Autres services de réservation et activités connexes,- les services d'assistance aux visiteurs : • fourniture d'informations sur les voyages aux visiteurs • activités des guides touristiques - les activités de promotion du tourisme,79.90Y,Autres activités de service de réservation et activités connexes,Multiple
79.90Z,Autres services de réservation et activités connexes,"- les services de réservation de billets de théâtre, de sport, d'attractions et de divertissements",82.40Y,Activités de service d’intermédiation pour des services de soutien aux entreprises n.c.a.,Multiple
80.10Z,Activités de sécurité privée,tout le contenu de la sous-classe NAF rév. 2,80.01Y,Activités d’investigation et de sécurité privée,Unique
80.20Z,Activités liées aux systèmes de sécurité,tout le contenu de la sous-classe NAF rév. 2,80.09Y,Activités de sécurité n.c.a.,Unique
80.30Z,Activités d'enquête,tout le contenu de la sous-classe NAF rév. 2,80.01Y,Activités d’investigation et de sécurité privée,Unique
81.10Z,Activités combinées de soutien lié aux bâtiments,tout le contenu de la sous-classe NAF rév. 2,81.10Y,Activités de soutien combinées pour les installations,Unique
81.21Z,Nettoyage courant des bâtiments,- les activités des hommes toutes mains,81.10Y,Activités de soutien combinées pour les installations,Multiple
81.21Z,Nettoyage courant des bâtiments,"- le nettoyage général (non spécialisé) de tous les types de bâtiments, par exemple : • bureaux • logements privés, par exemple maisons ou appartements • usines • magasins • institutions - le nettoyage général (non spécialisé) d'autres locaux commerciaux et professionnels et d'immeubles résidentiels à logements multiples",81.21Y,Nettoyage courant des bâtiments,Multiple
81.21Z,Nettoyage courant des bâtiments,- le nettoyage de maisons ou d'appartements à domicile pour les ménages si d'autres activités de services domestiques personnels comme la cuisine ou la lessive sont également effectuées,96.91Y,Activités d’offre de services domestiques aux personnes,Multiple
81.22Z,Autres activités de nettoyage des bâtiments et nettoyage industriel,tout le contenu de la sous-classe NAF rév. 2,81.22Y,Autres activités de nettoyage des bâtiments et nettoyage industriel,Unique
81.29A,"Désinfection, désinsectisation, dératisation",tout le contenu de la sous-classe NAF rév. 2,81.23G,"Désinfection, désinsectisation, dératisation",Unique
81.29B,Autres activités de nettoyage n.c.a.,tout le contenu de la sous-classe NAF rév. 2,81.23H,Autres activités de nettoyage n.c.a.,Unique
81.30Z,Services d'aménagement paysager,tout le contenu de la sous-classe NAF rév. 2,81.30Y,Activités de service d’aménagement paysager,Unique
82.11Z,Services administratifs combinés de bureau,tout le contenu de la sous-classe NAF rév. 2,82.10Y,Activités de service de bureau et de soutien administratif,Unique
82.19Z,"Photocopie, préparation de documents et autres activités spécialisées de soutien de bureau",- la photocopie de documents,18.12Y,Autres activités d’imprimerie,Multiple
82.19Z,"Photocopie, préparation de documents et autres activités spécialisées de soutien de bureau","- la préparation des documents, par exemple l'édition, la relecture, la dactylographie, le traitement de texte, etc. et le préarchivage - les autres services de secrétariat - la transcription de documents - la rédaction de lettres ou de curriculum vitae - la location d'une boîte aux lettres et d'autres services postaux et de courrier, par exemple le tri préalable, l'adressage - la duplication - l'établissement de plans - l'exploitation de photocopieurs pour la photocopie en libre-service - la numérisation de fichiers (sans traitement ultérieur des données) - le formatage de livres électroniques",82.10Y,Activités de service de bureau et de soutien administratif,Multiple
82.20Z,Activités de centres d'appels,tout le contenu de la sous-classe NAF rév. 2,82.20Y,Activités de centre d’appels,Unique
82.30Z,"Organisation de foires, salons professionnels et congrès","- l'organisation, la promotion et/ou la gestion d'événements, par exemple : • salons professionnels et d'affaires • événements d'entreprise • expositions générales ou spécialisées • conférences et conventions • séminaires, symposiums et ateliers • marchés agricoles et foires artisanales - la mise à disposition du personnel nécessaire au fonctionnement des installations dans lesquelles se déroulent les événements susmentionnés, mais uniquement si la gestion et la mise à disposition du personnel sont effectuées en liaison avec l'organisation, la promotion et/ou la gestion de ces événements",82.30Y,Organisation de salons professionnels et congrès,Multiple
82.30Z,"Organisation de foires, salons professionnels et congrès","- la planification technique, la fourniture, la mise en place et l'exploitation d'équipements audiovisuels et d'effets spéciaux liés à l'organisation de congrès et de foires commerciales",93.29Y,Activités récréatives et de loisirs n.c.a.,Multiple
82.91Z,Activités des agences de recouvrement de factures et des sociétés d'information financière sur la clientèle,tout le contenu de la sous-classe NAF rév. 2,82.91Y,Activités d’agence de recouvrement et de bureau de crédit,Unique
82.92Z,Activités de conditionnement,tout le contenu de la sous-classe NAF rév. 2,82.92Y,Activités de conditionnement,Unique
82.99Z,Autres activités de soutien aux entreprises n.c.a.,- les activités de service d’intermédiation pour des travaux de construction spécialisés,43.60Y,Activités de service d’intermédiation pour des travaux de construction spécialisés,Multiple
82.99Z,Autres activités de soutien aux entreprises n.c.a.,"- les activités des commissaires-priseurs indépendants en tant qu’intermédiaire du commerce de gros en matières premières agricoles, animaux vivants, matières premières textiles et produits semi-finis",46.11Y,"Activités d’intermédiaire du commerce de gros en matières premières agricoles, animaux vivants, matières premières textiles et produits semi-finis",Multiple
82.99Z,Autres activités de soutien aux entreprises n.c.a.,"- les activités des commissaires-priseurs indépendants en tant qu’intermédiaire du commerce de gros en combustibles, minerais, métaux et produits chimiques",46.12Y,"Activités d’intermédiaire du commerce de gros en combustibles, minerais, métaux et produits chimiques",Multiple
82.99Z,Autres activités de soutien aux entreprises n.c.a.,- les activités des commissaires-priseurs indépendants en tant qu’intermédiaire du commerce de gros en bois et matériaux de construction,46.13Y,Activités d’intermédiaire du commerce de gros en bois et matériaux de construction,Multiple
82.99Z,Autres activités de soutien aux entreprises n.c.a.,"- les activités des commissaires-priseurs indépendants en tant qu’intermédiaire du commerce de gros en machines, équipements industriels, navires et avions",46.14Y,"Activités d’intermédiaire du commerce de gros en machines, équipements industriels, navires et avions",Multiple
82.99Z,Autres activités de soutien aux entreprises n.c.a.,"- les activités des commissaires-priseurs indépendants en tant qu’intermédiaire du commerce de gros en meubles, biens domestiques et quincaillerie",46.15Y,"Activités d’intermédiaire du commerce de gros en meubles, biens domestiques et quincaillerie",Multiple
82.99Z,Autres activités de soutien aux entreprises n.c.a.,"- les activités des commissaires-priseurs indépendants en tant qu’intermédiaire du commerce de gros en textiles, habillement, fourrures, chaussures et articles en cuir",46.16Y,"Activités d’intermédiaire du commerce de gros en textiles, habillement, fourrures, chaussures et articles en cuir",Multiple
82.99Z,Autres activités de soutien aux entreprises n.c.a.,- les activités des commissaires-priseurs indépendants dans l’intermédiation des centrales d’achat alimentaires,46.17G,Activités d’intermédiation des centrales d’achat alimentaires,Multiple
82.99Z,Autres activités de soutien aux entreprises n.c.a.,"- les activités des commissaires-priseurs indépendants dans les autres activités d'intermédiaire du commerce de gros en denrées, boissons et tabac (hors centrales d’achat alimentaires)",46.17H,"Autres activités d'intermédiaire du commerce de gros en denrées, boissons et tabac",Multiple
82.99Z,Autres activités de soutien aux entreprises n.c.a.,- les activités des commissaires-priseurs indépendants en tant qu’intermédiaire spécialisé dans le commerce de gros d’autres produits spécifiques,46.18Y,Activités d’intermédiaire spécialisé dans le commerce de gros d’autres produits spécifiques,Multiple
82.99Z,Autres activités de soutien aux entreprises n.c.a.,- les activités des commissaires-priseurs indépendants dans l’intermédiation des centrales d’achat non spécialisées,46.19G,Activités d’intermédiation des centrales d’achat non spécialisées,Multiple
82.99Z,Autres activités de soutien aux entreprises n.c.a.,- les activités des commissaires-priseurs indépendants dans les autres activités d'intermédiaire non spécialisé du commerce de gros,46.19H,Autres activités d'intermédiaire non spécialisé du commerce de gros,Multiple
82.99Z,Autres activités de soutien aux entreprises n.c.a.,- les activités des commissaires-priseurs indépendants dans l’’intermédiation pour le commerce de détail non spécialisé,47.91Y,Activités de service d’intermédiation pour le commerce de détail non spécialisé,Multiple
82.99Z,Autres activités de soutien aux entreprises n.c.a.,- les activités des commissaires-priseurs indépendants dans l’intermédiation pour le commerce de détail de véhicules automobiles,47.92G,Activités de service d’intermédiation pour le commerce de détail de véhicules automobiles,Multiple
82.99Z,Autres activités de soutien aux entreprises n.c.a.,- les activités des commissaires-priseurs indépendants dans l’intermédiation pour le commerce de détail de journaux et de produits à base de tabac,47.92H,Activités de service d’intermédiation pour le commerce de détail de journaux et de produits à base de tabac,Multiple
82.99Z,Autres activités de soutien aux entreprises n.c.a.,- les activités des commissaires-priseurs indépendants dans l'intermédiation pour le commerce de détail spécialisé d’autres biens,47.92J,Activités de service d'intermédiation pour le commerce de détail spécialisé d’autres biens,Multiple
82.99Z,Autres activités de soutien aux entreprises n.c.a.,- les activités de service d’intermédiation pour des activités de poste et de courrier,53.30Y,Activités de service d’intermédiation pour des activités de poste et de courrier,Multiple
82.99Z,Autres activités de soutien aux entreprises n.c.a.,- les activités de revente de télécommunications et activités de service d’intermédiation pour les télécommunications,61.20Y,Activités de revente de télécommunications et activités de service d’intermédiation pour les télécommunications,Multiple
82.99Z,Autres activités de soutien aux entreprises n.c.a.,"- les activités de service d’intermédiation pour la location et la location-bail de voitures, camping-cars et caravanes",77.51Y,"Activités de service d’intermédiation pour la location et la location-bail de voitures, camping-cars et caravanes",Multiple
82.99Z,Autres activités de soutien aux entreprises n.c.a.,- les activités de service d’intermédiation pour la location et la location-bail d’autres biens corporels et d’immobilisations incorporelles non financières,77.52Y,Activités de service d’intermédiation pour la location et la location-bail d’autres biens corporels et d’immobilisations incorporelles non financières,Multiple
82.99Z,Autres activités de soutien aux entreprises n.c.a.,- les activités de service d’intermédiation pour des services de soutien aux entreprises non cités ailleurs,82.40Y,Activités de service d’intermédiation pour des services de soutien aux entreprises n.c.a.,Multiple
82.99Z,Autres activités de soutien aux entreprises n.c.a.,- les services de reprise de possession,82.91Y,Activités d’agence de recouvrement et de bureau de crédit,Multiple
82.99Z,Autres activités de soutien aux entreprises n.c.a.,"- les services d'organisation de collectes de fonds sur une base contractuelle ou tarifaire - les services de sténographie judiciaire ou d'enregistrement - les services de sténographie publique - le sous-titrage en temps réel (c'est-à-dire simultané) de réunions et de conférences - les services de codage à barres - les services d'impression de codes à barres - les services de collecte de pièces pour parcmètres - les activités de gestion des visas et des permis de travail - les activités de service de gestion des titres-restaurant - l’aide à l'immatriculation des véhicules à moteur - les activités de services de relogement - les activités de loisirs administration de paquets cadeaux - les activités d'émission et de gestion de bons d'achat - le financement par la foule à des fins caritatives - les services de domiciliation d'entreprises - le relevé de la consommation de chaleur et d'eau chaude, y compris la répartition des coûts - l'administration de programmes de fidélisation - la vente de coffrets de voyage : forme de distribution d'un service lié au voyage, mais un service différé, qui peut être de toute nature : hôtels, restaurants, soins, loisirs, etc.) - le trading et le courtage de crypto-actifs sans engagement",82.99Y,Autres activités de service de soutien aux entreprises n.c.a.,Multiple
82.99Z,Autres activités de soutien aux entreprises n.c.a.,- les activités de service d’intermédiation dans le domaine de l’appui scolaire et du tutorat,85.61Y,Activités de service d’intermédiation dans le domaine de l’appui scolaire et du tutorat,Multiple
82.99Z,Autres activités de soutien aux entreprises n.c.a.,"- les activités de service d’intermédiation pour les services médicaux, dentaires et autres services pour la santé humaine",86.97Y,"Activités de service d’intermédiation pour les services médicaux, dentaires et autres services pour la santé humaine",Multiple
82.99Z,Autres activités de soutien aux entreprises n.c.a.,- les activités de service d’intermédiation pour des activités de soins en établissement résidentiel,87.91Y,Activités de service d’intermédiation pour des activités de soins en établissement résidentiel,Multiple
82.99Z,Autres activités de soutien aux entreprises n.c.a.,"- les activités de service d’intermédiation pour la réparation et l’entretien d’ordinateurs, de biens personnels et domestiques et d’automobiles et motocycles",95.40Y,"Activités de service d’intermédiation pour la réparation et l’entretien d’ordinateurs, de biens personnels et domestiques et d’automobiles et motocycles",Multiple
82.99Z,Autres activités de soutien aux entreprises n.c.a.,- les activités de service d’intermédiation pour des services aux personnes,96.40Y,Activités de service d’intermédiation pour des services aux personnes,Multiple
84.11Z,Administration publique générale,tout le contenu de la sous-classe NAF rév. 2,84.11Y,Activités d’administration publique générale,Unique
84.12Z,"Administration publique (tutelle) de la santé, de la formation, de la culture et des services sociaux, autre que sécurité sociale",tout le contenu de la sous-classe NAF rév. 2,84.12Y,"Réglementation des soins de santé, de l’enseignement, des services culturels et des autres services sociaux",Unique
84.13Z,Administration publique (tutelle) des activités économiques,tout le contenu de la sous-classe NAF rév. 2,84.13Y,Réglementation et contribution à l’amélioration de l’efficacité des activités économiques,Unique
84.21Z,Affaires étrangères,tout le contenu de la sous-classe NAF rév. 2,84.21Y,Affaires étrangères,Unique
84.22Z,Défense,tout le contenu de la sous-classe NAF rév. 2,84.22Y,Défense,Unique
84.23Z,Justice,tout le contenu de la sous-classe NAF rév. 2,84.23Y,Justice,Unique
84.24Z,Activités d’ordre public et de sécurité,tout le contenu de la sous-classe NAF rév. 2,84.24Y,Activités d’ordre public et de sécurité civile,Unique
84.25Z,Services du feu et de secours,tout le contenu de la sous-classe NAF rév. 2,84.25Y,Activités de service d’incendie et de secours,Unique
84.30A,Activités générales de sécurité sociale,tout le contenu de la sous-classe NAF rév. 2,84.30G,Activités générales de sécurité sociale,Unique
84.30B,Gestion des retraites complémentaires,tout le contenu de la sous-classe NAF rév. 2,84.30H,Gestion des retraites complémentaires,Unique
84.30C,Distribution sociale de revenus,tout le contenu de la sous-classe NAF rév. 2,84.30J,Distribution sociale de revenus,Unique
85.10Z,Enseignement pré-primaire,tout le contenu de la sous-classe NAF rév. 2,85.10Y,Enseignement pré-primaire,Unique
85.20Z,Enseignement primaire,tout le contenu de la sous-classe NAF rév. 2,85.20Y,Enseignement primaire,Unique
85.31Z,Enseignement secondaire général,tout le contenu de la sous-classe NAF rév. 2,85.31Y,Enseignement secondaire général,Unique
85.32Z,Enseignement secondaire technique ou professionnel,tout le contenu de la sous-classe NAF rév. 2,85.32Y,Enseignement secondaire professionnel,Unique
85.41Z,Enseignement post-secondaire non supérieur,tout le contenu de la sous-classe NAF rév. 2,85.33Y,Enseignement post-secondaire non supérieur,Unique
85.42Z,Enseignement supérieur,tout le contenu de la sous-classe NAF rév. 2,85.40Y,Enseignement supérieur,Unique
85.51Z,Enseignement de disciplines sportives et d'activités de loisirs,"- l'enseignement d'activités sportives à des groupes d'individus, par exemple dans des camps et des écoles - les camps d'entraînement sportif de jour et de nuit - l'enseignement du sport dans des camps ou des écoles - les activités d'instructeurs, d'enseignants et d'entraîneurs sportifs professionnels - l'enseignement de la gymnastique - l'enseignement de l'équitation - l'enseignement de la natation - l'enseignement des arts martiaux - l’enseignement des jeux de cartes, par exemple le bridge - les cours de jeux de société - les cours de yoga ou de pilates - l'enseignement des sports électroniques",85.51Y,Enseignement de disciplines sportives et d’activités de loisirs,Multiple
85.51Z,Enseignement de disciplines sportives et d'activités de loisirs,- les activités des studios de yoga - les activités des studios de pilates - les activités des studios de tai chi,93.13Y,Activités des centres de fitness,Multiple
85.52Z,Enseignement culturel,tout le contenu de la sous-classe NAF rév. 2,85.52Y,Enseignement culturel,Unique
85.53Z,Enseignement de la conduite,tout le contenu de la sous-classe NAF rév. 2,85.53Y,Enseignement de la conduite,Unique
85.59A,Formation continue d'adultes,tout le contenu de la sous-classe NAF rév. 2,85.59G,Formation continue d'adultes,Unique
85.59B,Autres enseignements,tout le contenu de la sous-classe NAF rév. 2,85.59H,Tous les autres enseignements n.c.a.,Unique
85.60Z,Activités de soutien à l'enseignement,tout le contenu de la sous-classe NAF rév. 2,85.69Y,Activités de soutien à l’enseignement n.c.a.,Unique
86.10Z,Activités hospitalières,tout le contenu de la sous-classe NAF rév. 2,86.10Y,Activités hospitalières,Unique
86.21Z,Activité des médecins généralistes,tout le contenu de la sous-classe NAF rév. 2,86.21Y,Activités de médecine générale,Unique
86.22A,Activités de radiodiagnostic et de radiothérapie,tout le contenu de la sous-classe NAF rév. 2,86.22Y,Activités de médecine spécialisée,Unique
86.22B,Activités chirurgicales,tout le contenu de la sous-classe NAF rév. 2,86.22Y,Activités de médecine spécialisée,Unique
86.22C,Autres activités des médecins spécialistes,tout le contenu de la sous-classe NAF rév. 2,86.22Y,Activités de médecine spécialisée,Unique
86.23Z,Pratique dentaire,tout le contenu de la sous-classe NAF rév. 2,86.23Y,Activités de soins dentaires,Unique
86.90A,Ambulances,tout le contenu de la sous-classe NAF rév. 2,86.92Y,Transport de patients par ambulance,Unique
86.90B,Laboratoires d'analyses médicales,tout le contenu de la sous-classe NAF rév. 2,86.91Y,Activités d’imagerie médicale et de laboratoire d’analyse médicale,Unique
86.90C,Centres de collecte et banques d'organes,tout le contenu de la sous-classe NAF rév. 2,86.99Y,Autres activités pour la santé humaine n.c.a.,Unique
86.90D,Activités des infirmiers et des sages-femmes,"- les activités d'infirmières qui ne sont pas exercées par des médecins, par exemple : • activités des infirmières indépendantes, qui travaillent dans leur propre cabinet de consultation ou au domicile des patients • aides-soignants • activités de soins infirmiers palliatifs pour les patients ambulatoires (hors activités activités de sages-femmes indépendantes)",86.94G,Activités de soins infirmiers,Multiple
86.90D,Activités des infirmiers et des sages-femmes,"- les activités de sages-femmes indépendantes qui ne sont pas exercées par des médecins - les activités des maternités, sans supervision permanente de médecins",86.94H,Activités de maïeutique,Multiple
86.90E,"Activités des professionnels de la rééducation, de l’appareillage et des pédicures-podologues","- les thérapies fournies par des professionnels indépendants pour améliorer la mobilité, restaurer la fonction ou réduire la douleur ; les thérapies proposées comprennent la physiothérapie, etc. - les activités des kinésithérapeutes - les activités des ergothérapeutes",86.95Y,Activités de physiothérapie,Multiple
86.90E,"Activités des professionnels de la rééducation, de l’appareillage et des pédicures-podologues",- les activités des ostéopathes - les activités des chiropracteurs,86.96Y,"Activités de médecine traditionnelle, complémentaire et alternative",Multiple
86.90E,"Activités des professionnels de la rééducation, de l’appareillage et des pédicures-podologues","- les activités pour la santé humaine non citées ailleurs : • activités des praticiens paramédicaux dans les domaines de l'optométrie, de l'hydrothérapie, de l'orthophonie, de la podologie/chiropodie, etc. - les activités des orthoptistes - les activités des podologues",86.99Y,Autres activités pour la santé humaine n.c.a.,Multiple
86.90F,Activités de santé humaine non classées ailleurs,"- les activités de consultation et de traitement des psychologues, par exemple les psychologues cliniciens, les psychologues de la santé, les psychothérapeutes, à l'exception des médecins - les activités de musicothérapie exercées par les psychothérapeutes/psychologues",86.93Y,"Activités des psychologues et psychothérapeutes, à l’exception des médecins",Multiple
86.90F,Activités de santé humaine non classées ailleurs,"- la fourniture de services de soins de santé préventifs, curatifs ; les avantages de ces services pour la santé ne reposent pas sur des données scientifiques permettant de diagnostiquer et de traiter les maladies et n'ont pas encore été pleinement évalués d'une manière qui puisse être universellement acceptée comme étant fondée sur des preuves - la prestation de services de médecine traditionnelle qui comprennent une série de pratiques anciennes et en constante évolution, développées dans diverses sociétés avant ou pendant le développement de la médecine moderne, par exemple thérapies traditionnelles chinoises, acupuncture, plantes médicinales chinoises, Unani, médecines traditionnelles africaines... - la fourniture de services thérapeutiques complémentaires, par exemple thérapie Alexander, aromathérapie, thérapie de Bach et autres thérapies florales, thérapie corporelle, médecine ayurvédique, phytothérapie, naturopathie, thérapie nutritionnelle - la prestation de services thérapeutiques alternatifs, par exemple homéopathie, thérapie par les cristaux, iridologie, kinésiologie, radionique - les activités des guérisseurs - l’hypnothérapie - les activités de réflexothérapie - les thérapeutes correcteurs Cesar et Mensendieck - la naprapathie",86.96Y,"Activités de médecine traditionnelle, complémentaire et alternative",Multiple
86.90F,Activités de santé humaine non classées ailleurs,"- les activités du personnel paramédical dentaire, par exemple thérapeutes dentaires, infirmières dentaires scolaires, hygiénistes dentaires, qui peuvent travailler à distance des dentistes, mais sont périodiquement supervisés par eux - les activités des banques de sang, des banques de tissus, des banques de sperme, des banques d'organes de transplantation, des banques biologiques, des centres de données génomiques, etc. - l'exploitation de registres de donneurs de moelle osseuse - les activités des thérapeutes de la peau - les activités de surveillance liées à la santé (nutrition infantile, santé de l'enfant) - les activités des diététiciens - les activités de prévention sanitaire et de dépistage des maladies (cancer, tuberculose, maladies vénériennes) - le transport du sang, des organes et des fluides corporels - le shiatsu, le massage thaïlandais, le watsu, le qigong tuina - les activités de zoothérapie, par exemple hippothérapie - l’hydrothérapie du côlon - la thérapie par la danse et le mouvement - la thérapie par l'art",86.99Y,Autres activités pour la santé humaine n.c.a.,Multiple
87.10A,Hébergement médicalisé pour personnes âgées,tout le contenu de la sous-classe NAF rév. 2,87.10G,Activités d’hébergement médicalisé pour personnes âgées,Unique
87.10B,Hébergement médicalisé pour enfants handicapés,tout le contenu de la sous-classe NAF rév. 2,87.10H,Activités d’hébergement médicalisé pour enfants en situation de handicap,Unique
87.10C,Hébergement médicalisé pour adultes handicapés et autre hébergement médicalisé,tout le contenu de la sous-classe NAF rév. 2,87.10J,Activités d’hébergement médicalisé pour adultes en situation de handicap et autres activités d’hébergement médicalisé,Unique
87.20A,Hébergement social pour handicapés mentaux et malades mentaux,tout le contenu de la sous-classe NAF rév. 2,87.20G,Activités d’hébergement social pour personnes souffrant de maladie mentale,Unique
87.20B,Hébergement social pour toxicomanes,tout le contenu de la sous-classe NAF rév. 2,87.20H,Activités d’hébergement social pour personnes souffrant de toxicomanie,Unique
87.30A,Hébergement social pour personnes âgées,tout le contenu de la sous-classe NAF rév. 2,87.30G,Activités d’hébergement social pour personnes âgées,Unique
87.30B,Hébergement social pour handicapés physiques,tout le contenu de la sous-classe NAF rév. 2,87.30H,Activités d’hébergement social pour personnes en situation de handicap physique,Unique
87.90A,Hébergement social pour enfants en difficultés,tout le contenu de la sous-classe NAF rév. 2,87.99G,Activités d’hébergement social pour enfants en difficulté,Unique
87.90B,Hébergement social pour adultes et familles en difficultés et autre hébergement social,tout le contenu de la sous-classe NAF rév. 2,87.99H,Activités d’hébergement social pour adultes et familles en difficulté et autres activités d’hébergement social n.c.a.,Unique
88.10A,Aide à domicile,tout le contenu de la sous-classe NAF rév. 2,88.10G,Activités d’action sociale à domicile,Unique
88.10B,Accueil ou accompagnement sans hébergement d’adultes handicapés ou de personnes âgées,tout le contenu de la sous-classe NAF rév. 2,88.10H,Activités d’accueil ou d’accompagnement sans hébergement d’adultes en situation de handicap ou de personnes âgées,Unique
88.10C,Aide par le travail,tout le contenu de la sous-classe NAF rév. 2,88.10J,"Activités de réadaptation professionnelle et réinsertion, aide par le travail",Unique
88.91A,Accueil de jeunes enfants,- le développement éducatif de la petite enfance ciblant les enfants de moins de 3 ans (niveau 01 de la CITE 2011),85.10Y,Enseignement pré-primaire,Multiple
88.91A,Accueil de jeunes enfants,- les activités de garde d'enfants en crèche - les activités de garde collective après l'école,88.91G,Accueil de jeunes enfants en structure collective,Multiple
88.91A,Accueil de jeunes enfants,- les activités de garde d'enfants à domicile,88.91H,Accueil de jeunes enfants à domicile,Multiple
88.91B,Accueil ou accompagnement sans hébergement d’enfants handicapés,tout le contenu de la sous-classe NAF rév. 2,88.91J,Accueil ou accompagnement sans hébergement d’enfants en situation de handicap,Unique
88.99A,Autre accueil ou accompagnement sans hébergement d’enfants et d’adolescents,tout le contenu de la sous-classe NAF rév. 2,88.99G,Autre accueil ou accompagnement sans hébergement d’enfants et d’adolescents,Unique
88.99B,Action sociale sans hébergement n.c.a.,tout le contenu de la sous-classe NAF rév. 2,88.99H,Toutes les autres activités d’action sociale sans hébergement n.c.a.,Unique
90.01Z,Arts du spectacle vivant,"à l’exception de la production de spectacle, tout le contenu de la sous-classe NAF rév. 2",90.20Y,Activités de spectacle,Multiple
90.01Z,Arts du spectacle vivant,- la production de spectacle,90.39G,Activités de production et organisation d'évènements culturels,Multiple
90.02Z,Activités de soutien au spectacle vivant,- les activités de production et organisation d'évènements culturels,90.39G,Activités de production et organisation d'évènements culturels,Multiple
90.02Z,Activités de soutien au spectacle vivant,- les activités de soutien technique aux spectacles et aux événements culturels,90.39H,Activités de soutien technique aux spectacles et aux événements culturels,Multiple
90.03A,Création artistique relevant des arts plastiques,"- les activités des artistes individuels tels que les sculpteurs, les peintres, les dessinateurs, les graveurs, les graveurs à l'eau-forte, etc. - les formes numériques de création d'arts visuels - la création d'œuvres d'art comportant des installations lumineuses",90.12Y,Activités de création en arts visuels,Multiple
90.03A,Création artistique relevant des arts plastiques,- la conservation et la restauration d'œuvres d'art et d'objets de collections muséales,91.30Y,"Conservation, restauration et autres activités de soutien pour la préservation du patrimoine culturel",Multiple
90.03B,Autre création artistique,"- les activités des écrivains individuels, pour tous les sujets, y compris l'écriture de fiction, etc. - la composition musicale - les textes et compositions écrits pour le compte de quelqu'un d'autre - les activités d'écriture de scénarios - les activités des journalistes dont le contenu est publié par un tiers - les activités des blogueurs dont le contenu est publié par un tiers - la rédaction technique",90.11Y,Activités de création littéraire et de composition musicale,Multiple
90.03B,Autre création artistique,- les activités chorégraphiques,90.13Y,Autres activités de création artistique,Multiple
90.04Z,Gestion de salles de spectacles,- la gestion d’installations et de lieux de production et de diffusion des arts visuels,90.31G,Gestion d’installations et de lieux de production et de diffusion des arts visuels,Multiple
90.04Z,Gestion de salles de spectacles,- la gestion de salles de spectacle vivant,90.31H,Gestion de salles de spectacle vivant,Multiple
91.01Z,Gestion des bibliothèques et des archives,"- les activités de documentation et d'information des bibliothèques de tous types (y compris les bibliothèques numériques), les salles de lecture, d'écoute et de visionnage : • organisation d'une collection, spécialisée ou non • catalogage des collections • prêt et stockage de livres, de cartes, de périodiques, de films, de disques, de bandes magnétiques, d'œuvres d'art, etc. • activités de recherche pour répondre à des demandes d'information, etc.",91.11Y,Activités des bibliothèques,Multiple
91.01Z,Gestion des bibliothèques et des archives,"- les activités d'archives comprennent les activités exercées par les services d'archives de tous types, en vue de constituer, stocker, classer, des collections d'archives physiques ou numériques et de les communiquer au grand public ou à une catégorie particulière d'utilisateurs - les activités des archives publiques fournissant des services au grand public ou à une clientèle particulière, telle que les étudiants, les scientifiques, le personnel, les membres, ainsi que l'exploitation des archives gouvernementales - les activités liées à l'acquisition ou à la collecte d'archives - les activités liées à l'identification, à l'inventaire, à la description et à la classification des archives - les activités liées à la sécurité et à l'entretien des archives (contrôle de l'état sanitaire et des conditions climatiques, sûreté et sécurité, réhabilitation) - les activités liées à la communication des archives au public sur place ou à distance - la numérisation des documents d'archives pour les collections d'archives numériques",91.12Y,Activités des centres d’archives,Multiple
91.02Z,Gestion des musées,tout le contenu de la sous-classe NAF rév. 2,91.21Y,Activités des musées et collections,Unique
91.03Z,Gestion des sites et monuments historiques et des attractions touristiques similaires,tout le contenu de la sous-classe NAF rév. 2,91.22Y,Activité des monuments et sites historiques,Unique
91.04Z,Gestion des jardins botaniques et zoologiques et des réserves naturelles,"- l'exploitation de jardins botaniques et zoologiques, y compris les zoos pour enfants - l'exploitation d'aquariums",91.41Y,Activités de gestion de jardins botaniques et zoologiques,Multiple
91.04Z,Gestion des jardins botaniques et zoologiques et des réserves naturelles,"- l'exploitation de réserves naturelles, y compris la préservation de la faune et de la flore, etc. - les services de conservation et d'entretien des parcs nationaux, des parcs naturels et des réserves",91.42Y,Activités de gestion de réserves naturelles,Multiple
92.00Z,Organisation de jeux de hasard et d'argent,tout le contenu de la sous-classe NAF rév. 2,92.00Y,Activités de jeux d’argent et de paris,Unique
93.11Z,Gestion d'installations sportives,"- l'exploitation d'installations pour des manifestations sportives en salle ou en plein air (ouvertes, fermées ou couvertes, avec ou sans places assises pour les spectateurs) - l'organisation et l'exploitation de manifestations sportives en plein air ou en salle pour les professionnels ou les amateurs par des organisations (à l'exclusion des clubs sportifs) - la gestion et la mise à disposition du personnel nécessaire au fonctionnement de ces installations - la fourniture d'équipements pour le fonctionnement de ces installations - l'exploitation d'espaces sportifs, qui peut comprendre l'exploitation de téléphériques, de téléskis et de télésièges - la gestion d'espaces équipés pour les sports de plein air - l'exploitation d'installations sportives de base",93.11Y,Gestion d’installations sportives,Multiple
93.11Z,Gestion d'installations sportives,- l'organisation et la gestion de manifestations sportives en plein air ou en salle pour des professionnels ou des amateurs par des clubs sportifs,93.12Y,Activités des clubs de sports,Multiple
93.11Z,Gestion d'installations sportives,- l'exploitation de salles de bowling,93.29Y,Activités récréatives et de loisirs n.c.a.,Multiple
93.12Z,Activités de clubs de sports,tout le contenu de la sous-classe NAF rév. 2,93.12Y,Activités des clubs de sports,Unique
93.13Z,Activités des centres de culture physique,tout le contenu de la sous-classe NAF rév. 2,93.13Y,Activités des centres de fitness,Unique
93.19Z,Autres activités liées au sport,"- les activités des producteurs de manifestations sportives, avec ou sans installations - les activités des sportifs et athlètes individuels pour compte propre, des arbitres, des juges, des chronométreurs, etc. - les activités des ligues sportives et des instances dirigeantes du sport - les activités liées à la promotion de manifestations sportives - les activités des écuries de course, des chenils et des garages - l'exploitation de réserves de pêche et de chasse sportives - les activités des guides de montagne - les activités de soutien à la chasse et à la pêche sportives ou récréatives - l'exploitation de souffleries aérodynamiques verticales - les activités liées au dressage d'animaux pour le sport ou le divertissement - l'organisation et la gestion de manifestations sportives en plein air ou en salle pour les professionnels ou les amateurs par des organisations (à l'exclusion des clubs sportifs) ne disposant pas de leurs propres installations - les activités des fédérations sportives",93.19Y,Autres activités sportives n.c.a.,Multiple
93.19Z,Autres activités liées au sport,"- la planification technique, la fourniture, la mise en place et l'exploitation d'équipements audiovisuels et d'effets spéciaux liés à l'organisation de manifestations sportives",93.29Y,Activités récréatives et de loisirs n.c.a.,Multiple
93.21Z,Activités des parcs d'attractions et parcs à thèmes,"- les activités des parcs d'attractions et des parcs à thème caractérisés par l'exploitation permanente, sur un site donné, d'une variété d'attractions, telles que des manèges mécaniques, des carrousels, des jeux, des stands de tir, des spectacles, des expositions thématiques et des aires de pique-nique, qui sont fournies sous la direction économique et opérationnelle d'un opérateur central - les activités des parcs aquatiques",93.21Y,Activités des parcs d’attractions et parcs à thème,Multiple
93.21Z,Activités des parcs d'attractions et parcs à thèmes,"- l'exploitation de manèges, jeux et spectacles mécaniques par des prestataires indépendants, par exemple dans les fêtes foraines, les festivals folkloriques et les marchés de Noël",93.29Y,Activités récréatives et de loisirs n.c.a.,Multiple
93.29Z,Autres activités récréatives et de loisirs,"- les activités des surveillants de plage, c'est-à-dire des sauveteurs",84.25Y,Activités de service d’incendie et de secours,Multiple
93.29Z,Autres activités récréatives et de loisirs,"- l'exploitation de zones sportives, qui peut comprendre l'exploitation de téléphériques, de téléskis et de télésièges",93.11Y,Gestion d’installations sportives,Multiple
93.29Z,Autres activités récréatives et de loisirs,- l’exploitation de clubs de sport électronique,93.12Y,Activités des clubs de sports,Multiple
93.29Z,Autres activités récréatives et de loisirs,- les activités des participants individuels aux sports électroniques pour leur propre compte,93.19Y,Autres activités sportives n.c.a.,Multiple
93.29Z,Autres activités récréatives et de loisirs,"- l'exploitation de jeux à pièces - la location d'équipements de loisir et de divertissement en tant que partie intégrante d'installations récréatives - l'exploitation de manèges, de jeux et de spectacles mécaniques par des prestataires indépendants, par exemple dans les fêtes foraines, les festivals folkloriques et les marchés de Noël - les activités de plage, y compris la location d'installations (par exemple, bains, chaises de plage et parasols) - les activités des animateurs indépendants dans les centres de loisirs et d'attractions - l'exploitation de pistes de danse et de salles de bal où le service de boissons n'est pas l'activité principale - l'exploitation de salles d'ordinateurs pour jouer à des jeux informatiques - l'exploitation d'appareils de divertissement en libre-service, par exemple des chaises à bascule, des chevaux, des voitures ou des vaisseaux spatiaux - l'exploitation de terrains d'airsoft et de paintball - les jeux/expériences de réalité virtuelle ou géolocalisée - les activités de divertissement et de loisirs liées à l'infrastructure des ports de plaisance - l'exploitation de salles de billard - l’exploitation de salles d'évasion - les spectacles son et lumière - les activités des guides pour les excursions sous-marines - la création et présentation de feux d'artifice - l'exploitation de terrains de pique-nique non associés à une réserve naturelle - l’exploitation de jeux laser - les activités de producteurs ou d'entrepreneurs d'événements de divertissement et de loisirs en direct, avec ou sans installations - la planification technique, la fourniture, la mise en place et l'exploitation d'équipements audiovisuels et d'effets spéciaux liés à l'organisation d'événements de divertissement et de loisirs en direct",93.29Y,Activités récréatives et de loisirs n.c.a.,Multiple
93.29Z,Autres activités récréatives et de loisirs,"- l'organisation de cérémonies ou de célébrations personnelles, y compris les mariages, les cérémonies de remise de noms, les fêtes d'anniversaire, etc. - les activités des organisateurs de mariage",96.99H,Toutes les autres activités de service aux personnes n.c.a.,Multiple
94.11Z,Activités des organisations patronales et consulaires,tout le contenu de la sous-classe NAF rév. 2,94.11Y,Activités des organisations patronales et des chambres représentatives,Unique
94.12Z,Activités des organisations professionnelles,tout le contenu de la sous-classe NAF rév. 2,94.12Y,Activités des organisations professionnelles,Unique
94.20Z,Activités des syndicats de salariés,tout le contenu de la sous-classe NAF rév. 2,94.20Y,Activités des syndicats de salariés,Unique
94.91Z,Activités des organisations religieuses,tout le contenu de la sous-classe NAF rév. 2,94.91Y,Activités des organisations religieuses,Unique
94.92Z,Activités des organisations politiques,tout le contenu de la sous-classe NAF rév. 2,94.92Y,Activités des organisations politiques,Unique
94.99Z,Autres organisations fonctionnant par adhésion volontaire,tout le contenu de la sous-classe NAF rév. 2,94.99Y,Activités des organisations associatives n.c.a.,Unique
95.11Z,Réparation d'ordinateurs et d'équipements périphériques,tout le contenu de la sous-classe NAF rév. 2,95.10Y,Réparation et entretien d’ordinateurs et d’équipements de communication,Unique
95.12Z,Réparation d'équipements de communication,tout le contenu de la sous-classe NAF rév. 2,95.10Y,Réparation et entretien d’ordinateurs et d’équipements de communication,Unique
95.21Z,Réparation de produits électroniques grand public,tout le contenu de la sous-classe NAF rév. 2,95.21Y,Réparation et entretien de produits électroniques grand public,Unique
95.22Z,Réparation d'appareils électroménagers et d'équipements pour la maison et le jardin,tout le contenu de la sous-classe NAF rév. 2,95.22Y,Réparation et entretien d’appareils électroménagers et d’équipements pour la maison et le jardin,Unique
95.23Z,Réparation de chaussures et d'articles en cuir,tout le contenu de la sous-classe NAF rév. 2,95.23Y,Réparation et entretien de chaussures et d’articles en cuir,Unique
95.24Z,Réparation de meubles et d'équipements du foyer,tout le contenu de la sous-classe NAF rév. 2,95.24Y,Réparation et entretien de meubles et d’équipements du foyer,Unique
95.25Z,Réparation d'articles d'horlogerie et de bijouterie,tout le contenu de la sous-classe NAF rév. 2,95.25Y,Réparation et entretien d’articles d’horlogerie et de bijouterie,Unique
95.29Z,Réparation d'autres biens personnels et domestiques,- la réparation et l’entretien de cycles et autres engins de la mobilité douce,95.29G,Réparation et entretien de cycles et autres engins de la mobilité douce,Multiple
95.29Z,Réparation d'autres biens personnels et domestiques,- la réparation et l’entretien de tous les autres biens personnels ou domestiques non cités ailleurs,95.29H,Réparation et entretien de tous les autres biens personnels ou domestiques n.c.a.,Multiple
96.01A,Blanchisserie-teinturerie de gros,- la collecte et la livraison du linge par une unité dont l'activité principale n'est pas le lavage et le nettoyage des textiles,53.20H,Livraison à domicile de repas et autres activités de poste et de courrier n.c.a.,Multiple
96.01A,Blanchisserie-teinturerie de gros,"à l’exception de la collecte et la livraison du linge par une unité dont l'activité principale n'est pas le lavage et le nettoyage des textiles, tout le contenu de la sous-classe NAF rév. 2, à savoir : - le blanchissage et le nettoyage à sec, le repassage, etc., de toutes sortes de vêtements (y compris les fourrures) et de textiles, à l'aide d'équipements mécaniques, à la main ou à l'aide de machines à pièces en libre-service - le shampoing de tapis et moquettes et le nettoyage de draperies et de rideaux, que ce soit dans les locaux du client ou non - la fourniture de services combinés de location et d'entretien, y compris le lavage et le nettoyage de textiles, par exemple de linge, d'uniformes de travail et d'articles connexes",96.10G,Blanchisserie-teinturerie de gros,Multiple
96.01B,Blanchisserie-teinturerie de détail,- la collecte et la livraison du linge par une unité dont l'activité principale n'est pas le lavage et le nettoyage des textiles,53.20H,Livraison à domicile de repas et autres activités de poste et de courrier n.c.a.,Multiple
96.01B,Blanchisserie-teinturerie de détail,"- le blanchissage et le nettoyage à sec, le repassage, etc., de toutes sortes de vêtements (y compris les fourrures) et de textiles, à l'aide d'équipements mécaniques, à la main ou à l'aide de machines à pièces en libre-service, pour le grand public - le shampoing de tapis et moquettes et le nettoyage de draperies et de rideaux, que ce soit dans les locaux du client ou non - la fourniture de services combinés de location et d'entretien, y compris le lavage et le nettoyage de textiles, par exemple de linge, d'uniformes de travail et d'articles connexes - les services de fourniture de couches réutilisables",96.10H,Blanchisserie-teinturerie de détail,Multiple
96.01B,Blanchisserie-teinturerie de détail,"- le blanchissage et le nettoyage à sec de toutes sortes de vêtements et de textiles à domicile pour les ménages, si d'autres activités de services domestiques personnels comme la cuisine ou le nettoyage de maisons et d'appartements sont également effectuées",96.91Y,Activités d’offre de services domestiques aux personnes,Multiple
96.02A,Coiffure,"- la coiffure et les activités de barbier en salon : • lavage, taille et coupe des cheveux, la mise en plis, teinture, coloration, l'ondulation, défrisage et activités similaires • coiffure • rasage et la taille de la barbe",96.21G,Coiffure et activités de barbier en salon,Multiple
96.02A,Coiffure,"- la coiffure et les activités de barbier hors salon : • lavage, taille et coupe des cheveux, la mise en plis, teinture, coloration, l'ondulation, défrisage et activités similaires • coiffure • rasage et la taille de la barbe",96.21H,Coiffure et activités de barbier hors salon,Multiple
96.02B,Soins de beauté,tout le contenu de la sous-classe NAF rév. 2,96.22Y,Soins de beauté et autres activités de traitement esthétique,Unique
96.03Z,Services funéraires,tout le contenu de la sous-classe NAF rév. 2,96.30Y,Services funéraires et activités connexes,Unique
96.04Z,Entretien corporel,tout le contenu de la sous-classe NAF rév. 2,96.23Y,"Activités de spa, de sauna et de bain de vapeur",Unique
96.09Z,Autres services personnels n.c.a.,- les services pour animaux de compagnie,96.99G,Services pour animaux de compagnie,Multiple
96.09Z,Autres services personnels n.c.a.,- toutes les autres activités de service aux personnes non citées ailleurs,96.99H,Toutes les autres activités de service aux personnes n.c.a.,Multiple
97.00Z,Activités des ménages en tant qu'employeurs de personnel domestique,tout le contenu de la sous-classe NAF rév. 2,97.00Y,Activités des ménages en tant qu’employeurs de personnel domestique,Unique
98.10Z,Activités indifférenciées des ménages en tant que producteurs de biens pour usage propre,tout le contenu de la sous-classe NAF rév. 2,98.10Y,Activités indifférenciées des ménages en tant que producteurs de biens pour usage propre,Unique
98.20Z,Activités indifférenciées des ménages en tant que producteurs de services pour usage propre,tout le contenu de la sous-classe NAF rév. 2,98.20Y,Activités indifférenciées des ménages en tant que producteurs de services pour usage propre,Unique
99.00Z,Activités des organisations et organismes extraterritoriaux,tout le contenu de la sous-classe NAF rév. 2,99.00Y,Activités des organisations et organismes extraterritoriaux,Unique
